User,Text
Dummy,Hi
Pramod,Hi
Dummy,"Hello How can I help you?"
Pramod,"I have some issue in apply in facility"
Pramod,"IMAGE: https://firebasestorage.googleapis.com/v0/b/bank-resolve-e1620.appspot.com/o/images%2Fscreenshot_SM-T116IR-201707181705.png?alt=media&token=f5c46e84-84b7-4f43-b069-1dd1b0080275"
Dummy,"DOC: https://firebasestorage.googleapis.com/v0/b/bank-resolve-e1620.appspot.com/o/docs%2FSamplepdf.pdf?alt=media&token=c46fc791-d65d-44eb-adda-fa643ace9b5d"
Pramod,"Bye thanks a lot for your help"
Dummy,"It's my pleasure bye"
