Date,Name,"Country name","State name","City name",Location,"Sub Sector","Stock Code"
09-08-17,"Z Bank Test","United Arab Emirates","Abu Dhabi","Abu Dhabi","Abu Dhabi",-,-
23-09-16,"BMW Albatha Finance","United Arab Emirates",Dubai,Dubai,Dubai,"Finance company",-
23-09-16,"RAK Islamic Finance Co. ","United Arab Emirates","Ras Al Khaimah","Ras Al Khaimah","Ras Al Khaimah","Finance ",98
23-09-16,"AMEX ( Middle  East (B.S.C)","United Arab Emirates",Dubai,Dubai,Dubai,"Finance company",-
23-09-16,"Siraj Finance Company ","United Arab Emirates","Abu Dhabi","Abu Dhabi","Abu Dhabi","Finance company",20
23-09-16,"Abu Dhabi Commercial Islamic Finance Company ","United Arab Emirates","Abu Dhabi","Abu Dhabi","Abu Dhabi","Finance company",-
23-09-16,"Islamic Finance House","United Arab Emirates","Abu Dhabi","Abu Dhabi","Abu Dhabi","Finance company",100
23-09-16,"Abu Dhabi National Islamic Finance P.J.S.C","United Arab Emirates","Abu Dhabi","Abu Dhabi","Abu Dhabi","Finance company",-
23-09-16,"Aseel Finance ","United Arab Emirates","Abu Dhabi","Abu Dhabi","Abu Dhabi","Finance company",-
23-09-16,"Islamic Finance Co.","United Arab Emirates",Dubai,Dubai,Dubai,"Finance company",-
23-09-16,"Mashreq Al Islami Finance Co. ","United Arab Emirates",Dubai,Dubai,Dubai,"Finance company",-
23-09-16,"Al Wifaq Finance Company","United Arab Emirates","Abu Dhabi","Abu Dhabi","Abu Dhabi","Finance company",-
23-09-16,"Tamweel P.J.S.C","United Arab Emirates",Dubai,Dubai,Dubai,"Finance company",-
23-09-16,"Amlak Finance PJSC","United Arab Emirates",Dubai,Dubai,Dubai,"Finance company",-
23-09-16,"Abu Dhabi Finance P.P.C","United Arab Emirates","Abu Dhabi","Abu Dhabi","Abu Dhabi","Finance company",-
23-09-16,"Al Futtaim GE Finance P.P.C","United Arab Emirates",Dubai,Dubai,Dubai,"Finance company",-
23-09-16,"Majid Al Futtaim JCB Finance L.L.C","United Arab Emirates",Dubai,Dubai,Dubai,"Finance company",-
23-09-16,"Reem Finance","United Arab Emirates","Abu Dhabi","Abu Dhabi","Abu Dhabi","Finance company",-
23-09-16,"Dubai First","United Arab Emirates",Dubai,Dubai,Dubai,"Finance company",-
23-09-16,"Al Hail Orix Finance Company","United Arab Emirates",Dubai,Dubai,Dubai,"Finance company",-
23-09-16,"Gulf Finance Coorporation","United Arab Emirates",Dubai,Dubai,Dubai,"Finance company",-
23-09-16,"Osool "" A Finance Company""LLC","United Arab Emirates",Dubai,Dubai,Dubai,"Finance company",-
23-09-16,"National Bank of Kuwait","United Arab Emirates",Dubai,Dubai,Dubai,Banks,-
23-09-16,"Samba Financial Group","United Arab Emirates",Dubai,Dubai,Dubai,"Finance company",-
23-09-16,"Doha Bank","United Arab Emirates",Dubai,Dubai,Dubai,Banks,-
23-09-16,"The Royal Bank of Scotland PLC","United Arab Emirates",Dubai,Dubai,Dubai,Banks,-
23-09-16,"United Bank Ltd","United Arab Emirates",Dubai,Dubai,Dubai,Banks,-
23-09-16,"Lloyds TBS Bank PLC","United Arab Emirates",Dubai,Dubai,Dubai,Banks,-
23-09-16,"Blom Bank France","United Arab Emirates",Dubai,Dubai,Dubai,Banks,-
23-09-16,"Bank Meli Iran","United Arab Emirates",Dubai,Dubai,Dubai,Banks,-
23-09-16,"Bank Saderat Iran","United Arab Emirates",Dubai,Dubai,Dubai,Banks,-
23-09-16,"Standard Chartered Bank","United Arab Emirates",Dubai,Dubai,Dubai,Banks,-
23-09-16,"Habib Bank A.G Zurich","United Arab Emirates",Dubai,Dubai,Dubai,Banks,-
23-09-16,"Habib Bank","United Arab Emirates",Dubai,Dubai,Dubai,Banks,-
23-09-16,"Barclays Bank","United Arab Emirates",Dubai,Dubai,Dubai,Banks,-
23-09-16,"Al Ahli Bank of Kuwait","United Arab Emirates",Dubai,Dubai,Dubai,Banks,-
23-09-16,"Al Khaliji ( France )","United Arab Emirates",Dubai,Dubai,Dubai,Banks,-
23-09-16,"Arab African International Bank","United Arab Emirates",Dubai,Dubai,Dubai,Banks,-
23-09-16,"Janata Bank Ltd","United Arab Emirates","Abu Dhabi","Abu Dhabi","Abu Dhabi",Banks,-
23-09-16,"BNP Paribas","United Arab Emirates","Abu Dhabi","Abu Dhabi","Abu Dhabi",Banks,-
23-09-16,"Credit Agricole","United Arab Emirates",Dubai,Dubai,Dubai,Banks,-
23-09-16,"National Bank of Oman","United Arab Emirates","Abu Dhabi","Abu Dhabi","Abu Dhabi",Banks,-
23-09-16,"El Nilein Bank ","United Arab Emirates","Abu Dhabi","Abu Dhabi","Abu Dhabi",Banks,-
23-09-16,"Banque Misr ","United Arab Emirates","Abu Dhabi","Abu Dhabi","Abu Dhabi",Banks,-
23-09-16,"Rafidain Bank","United Arab Emirates","Abu Dhabi","Abu Dhabi","Abu Dhabi",Banks,-
23-09-16,"National Bank of Bahrain ","United Arab Emirates","Abu Dhabi","Abu Dhabi","Abu Dhabi",Banks,-
25-09-16,"Sharjah Islamic Bank","United Arab Emirates",Sharjah,Sharjah,Sharjah,Banks,-
24-09-16,"United Arab Bank","United Arab Emirates",Sharjah,Sharjah,Sharjah,Banks,ADX: UAB
23-09-16,"Union National Bank","United Arab Emirates","Abu Dhabi","Abu Dhabi","Abu Dhabi",Banks,ADX: UNB
23-09-16,"National Bank of Fujairah","United Arab Emirates",Fujairah,Fujairah,Fujairah,Banks,ADX: NBF
23-09-16,"National Bank of Dubai now EmiratesNBD","United Arab Emirates",Dubai,Dubai,Dubai,Banks,DFM: ENDB
23-09-16,"Invest Bank","United Arab Emirates",Sharjah,Sharjah,Sharjah,Banks,ADX: INVESTB
23-09-16,"Finance House","United Arab Emirates","Abu Dhabi","Abu Dhabi","Abu Dhabi","Finance company",ADX: FH
23-09-16,"Dunia Finance","United Arab Emirates","Abu Dhabi","Abu Dhabi","Abu Dhabi","Finance company",-
23-09-16,"Citibank UAE","United Arab Emirates",Dubai,Dubai,Dubai,Banks,-
23-09-16,"Bank of Sharjah","United Arab Emirates",Sharjah,Sharjah,Sharjah,Banks,ADX: BOS
23-09-16,"Arab Emirates Investment Bank","United Arab Emirates",Dubai,Dubai,Dubai,Banks,DFM: AEIBANK
23-09-16,"Bank of Baroda","United Arab Emirates",Dubai,Dubai,Dubai,Banks,-
23-09-16,"Lalit Bank","United Arab Emirates",Dubai,Dubai,Dubai,"Finance company",-
23-09-16,"Al Hilal Bank","United Arab Emirates","Abu Dhabi","Abu Dhabi","Abu Dhabi",Banks,-
23-09-16,RAKBANK,"United Arab Emirates","Ras Al Khaimah","Ras Al Khaimah","Ras Al Khaimah",Banks,ADX: RAKBANK
23-09-16,"Noor Bank","United Arab Emirates",Dubai,Dubai,Dubai,Banks,-
23-09-16,"National Bank of Umm Al-Qaiwain","United Arab Emirates","Umm Al Quwain","Umm Al Quwain","Umm Al-Qaiwain",Banks,ADX: NBQ
23-09-16,"National Bank of Abu Dhabi","United Arab Emirates","Abu Dhabi","Abu Dhabi","Abu Dhabi",Banks,ADX: NBAD
23-09-16,Mashreqbank,"United Arab Emirates",Dubai,Dubai,Dubai,Banks,DFM: MASQ
23-09-16,"HSBC Bank Middle East Limited","United Arab Emirates",Dubai,Dubai,Dubai,Banks,-
23-09-16,"First Gulf Bank","United Arab Emirates","Abu Dhabi","Abu Dhabi","Abu Dhabi",Banks,ADX: FGB
23-09-16,"Emirates Islamic Bank","United Arab Emirates",Dubai,Dubai,Dubai,Banks,DFM: EIB
23-09-16,EmiratesNBD,"United Arab Emirates",Dubai,Dubai,Dubai,Banks,DFM: ENDB
23-09-16,"Dubai Islamic Bank","United Arab Emirates",Dubai,Dubai,Dubai,Banks,DFM: DIB
23-09-16,"Commercial Bank of Dubai","United Arab Emirates",Dubai,Dubai,Dubai,Banks,DFM: CBD
23-09-16,"Commercial Bank International","United Arab Emirates","Ras Al Khaimah","Ras Al Khaimah","Ras Al Khaimah",Banks,ADX: CBI
09-08-29,"Arab Test Bank plc","United Arab Emirates","Abu Dhabi","Abu Dhabi","Abu Dhabi",Banks,"JR: ARBK"
23-09-16,"Abu Dhabi Islamic Bank","United Arab Emirates","Abu Dhabi","Abu Dhabi","Abu Dhabi",Banks,ADX: ADIB
23-09-16,"Abu Test Dhabi Commercial Bank","United Arab Emirates","Abu Dhabi","Abu Dhabi","Abu Dhabi",Banks,ADX: ADCB
