"Plate No","Plate Code","Plate Source Emirates","Engine No","Chasis No","Car Colour","Car Model",Status,"Comment Data","Bank Name","Car Make",Reason,"Record Date","Updated Date"
20015,R,"ABU DHABI",12345615,ABC2C32E8RL34,silver,I20,0,,"Abu Dhabi Islamic Bank",Hyundai,"Car Not Found",27-07-2018,27-08-2018
20013,R,"Ras Al Khaimah",12345613,ABC2C32E8RL32,silver,"PICK UPS",0,,"Abu Dhabi Islamic Bank",Mitsubishi,"Car Not Found",27-07-2018,27-08-2018
20011,R,"Ras Al Khaimah",12345611,ABC2C32E8RL30,yellow,"1.8L HAT",0,,"Abu Dhabi Islamic Bank",Nissan,"Car Not Found",27-07-2018,27-08-2018
20010,R,Sharjah,12345610,ABC2C32E8RL29,yellow,"4.5L SUV",0,,"Abu Dhabi Islamic Bank",Toyota,"Car Not Found",27-07-2018,27-08-2018
20009,R,Sharjah,12345609,ABC2C32E8RL28,yellow,"3.2L FSI",0,,"Abu Dhabi Islamic Bank",Audi,"Car Not Found",27-07-2018,27-08-2018
20008,R,Sharjah,12345608,ABC2C32E8RL27,blue,"5.7L V8",0,,"Abu Dhabi Islamic Bank",Dodge,"Car Not Found",27-07-2018,27-08-2018
20006,R,Dubai,12345606,ABC2C32E8RL25,blue,3.5L,0,,"Abu Dhabi Islamic Bank",Lexus,"Car Not Found",27-07-2018,27-08-2018
20005,R,Dubai,12345605,ABC2C32E8RL24,blue,HIACE,0,,"Abu Dhabi Islamic Bank",Toyota,"Car Not Found",27-07-2018,27-08-2018
20004,R,Dubai,12345604,ABC2C32E8RL23,blue,RANGER,0,,"Abu Dhabi Islamic Bank",Ford,"Car Not Found",27-07-2018,27-08-2018
20003,R,Dubai,12345603,ABC2C32E8RL22,blue,I20,0,,"Abu Dhabi Islamic Bank",Hyundai,"Car Not Found",27-07-2018,27-08-2018
20002,R,Dubai,12345602,ABC2C32E8RL21,blue,"2.5L SUV",0,,"Abu Dhabi Islamic Bank",Toyota,"Car Not Found",27-07-2018,27-08-2018
20001,R,Dubai,12345601,ABC2C32E8RL20,blue,SUV,0,,"Abu Dhabi Islamic Bank",BMW,"Car Not Found",27-07-2018,27-08-2018
