"Plate No","Plate Code","Plate Source Emirates","Engine No","Chasis No","Car Colour","Car Model",Status,"Comment Data","Bank Name","Car Make",Reason,"Record Date","Updated Date"
60728,B,"Ras Al Khaimah",12345728,ABC1234570027,RED,"PICK UPS",0,,"Bank Meli Iran",Mitsubishi,"Car Not Found",22-10-2018,01-01-1970
60727,B,"Ras Al Khaimah",12345727,ABC1234570026,RED,"4.5L SUV",0,,"Bank Meli Iran",Toyota,"Car Not Found",22-10-2018,01-01-1970
60726,B,"Ras Al Khaimah",12345726,ABC1234570025,RED,"3.2L FSI",0,,"Bank Meli Iran",Audi,"Car Not Found",22-10-2018,01-01-1970
60716,B,Dubai,12345716,ABC1234570015,RED,HIACE,0,,"Bank Meli Iran",Toyota,"Car Not Found",22-10-2018,01-01-1970
60715,B,Dubai,12345715,ABC1234570014,RED,RANGER,0,,"Bank Meli Iran",Ford,"Car Not Found",22-10-2018,01-01-1970
60714,B,Dubai,12345714,ABC1234570013,RED,COASTER,0,,"Bank Meli Iran",Toyota,"Car Not Found",22-10-2018,01-01-1970
60713,B,Dubai,12345713,ABC1234570012,RED,3.5L,0,,"Bank Meli Iran",Lexus,"Car Not Found",22-10-2018,01-01-1970
60712,B,Dubai,12345712,ABC1234570011,RED,HIACE,0,,"Bank Meli Iran",Toyota,"Car Not Found",22-10-2018,01-01-1970
60711,B,Dubai,12345711,ABC1234570010,RED,RANGER,0,,"Bank Meli Iran",Ford,"Car Not Found",22-10-2018,01-01-1970
60710,B,Dubai,12345710,ABC1234570009,RED,I20,0,,"Bank Meli Iran",Hyundai,"Car Not Found",22-10-2018,01-01-1970
60709,B,Dubai,12345709,ABC1234570008,RED,"2.5L SUV",0,,"Bank Meli Iran",Toyota,"Car Not Found",22-10-2018,01-01-1970
60708,B,Dubai,12345708,ABC1234570007,RED,SUV,0,,"Bank Meli Iran",BMW,"Car Not Found",22-10-2018,01-01-1970
60707,B,Dubai,12345707,ABC1234570006,RED,COASTER,0,,"Bank Meli Iran",Toyota,"Car Not Found",22-10-2018,01-01-1970
60706,B,Dubai,12345706,ABC1234570005,RED,3.5L,0,,"Bank Meli Iran",Lexus,"Car Not Found",22-10-2018,01-01-1970
60705,B,Dubai,12345705,ABC1234570004,RED,HIACE,0,,"Bank Meli Iran",Toyota,"Car Not Found",22-10-2018,01-01-1970
60704,B,Dubai,12345704,ABC1234570003,RED,RANGER,0,,"Bank Meli Iran",Ford,"Car Not Found",22-10-2018,01-01-1970
60703,B,Dubai,12345703,ABC1234570002,RED,I20,0,,"Bank Meli Iran",Hyundai,"Car Not Found",22-10-2018,01-01-1970
60702,B,Dubai,12345702,ABC1234570001,RED,"2.5L SUV",0,,"Bank Meli Iran",Toyota,"Car Not Found",22-10-2018,01-01-1970
60701,B,Dubai,12345701,ABC1234570000,RED,SUV,0,,"Bank Meli Iran",BMW,"Car Not Found",22-10-2018,01-01-1970
