"Plate No","Plate Code",Emirates,"Engine No","Chasis No","Car Colour","Car Model","Car Make",Bank,Status,Reason,Comment,"Created Date","Updated Date"
4564,A,Dubai,H357867234,NAKHT35V7GN5,BLACK,I20,Hyundai,"Doha Bank",Active,"Car Not Found",_,"30-08-18 12:18 PM","30-08-18 14:15 PM"
1234,O,Dubai,3XB3765793,ntjuft875,Grey,I20,Hyundai,"Doha Bank",Active,"Car Not Found",_,"30-08-18 12:18 PM","30-08-18 14:15 PM"
67354,5,"ABU DHABI",G4CNDU43567,NAKHU52V7GN5,GOLDEN,I20,Hyundai,"Doha Bank",Active,"Car Not Found",_,"30-08-18 12:18 PM","30-08-18 14:15 PM"
12/34652,4,"ABU DHABI",3787901KJ,JL1PJ4G4DJ12,BLACK,I20,Hyundai,"Doha Bank",Active,"Car Not Found",_,"30-08-18 12:18 PM","30-08-18 14:15 PM"
20003,R,Dubai,12345603,ABC2C32E8RL22,blue,I20,Hyundai,"Abu Dhabi Islamic Bank",Active,"Car Not Found",_,"27-07-18 15:28 PM","27-08-18 15:03 PM"
