Date,"UID (Mob.)","User Name",Role,"Lending Bank","Regd. Under","Agent’s Bank","Plate Source Emirates","Plate Code","Plate No.","Car make","Chasis No.",Type,"Address Line 1","Address Line 2","Address Line 3",Latitude,Longitude,"P.O. Box No.",Emirates,"Add location",Images,status
"07-06-2019 04:06 PM",971:0588144072,som,"Bank Administrator Employee","Habib Bank",Own,"Citibank UAE",Dubai,S,30211,-,ABC1234570080,Reported,"Green Community Motor City Dubai UAE - Dubai - United Arab Emirates",,,25.0384776,55.2300887,,-,"25.0384776,55.2300887",-,"Waiting for bank confirmation"
"07-06-2019 03:23 PM",971:0588144072,som,"Bank Administrator Employee","Habib Bank",Own,"Citibank UAE","Ras Al Khaimah",S,30228,-,ABC1234570097,Reported,"Green Community Motor City Dubai UAE - Dubai - United Arab Emirates",dubai,"near citibank",25.0384776,55.2300887,,Dubai,"25.0384776,55.2300887",-,"Car Collected"
"07-06-2019 03:22 PM",971:0588144072,som,"Bank Administrator Employee","Habib Bank",Own,"Citibank UAE",Dubai,S,30215,-,ABC1234570084,Reported,"Green Community Motor City Dubai UAE - Dubai - United Arab Emirates",,,25.0384776,55.2300887,,-,"25.0384776,55.2300887",-,"Waiting for bank confirmation"
"07-06-2019 03:21 PM",971:0588144072,som,"Bank Administrator Employee","Habib Bank",Own,"Citibank UAE",Dubai,S,30215,-,ABC1234570084,Traced,_,_,_,_,_,_,-,-,-,"Waiting for bank confirmation"
