"Plate No","Plate Code","Plate Source Emirates","Engine No","Chasis No","Car Colour","Car Model",Status,"Comment Data","Bank Name","Car Make",Reason,"Record Date","Updated Date"
70916,Z,Dubai,12345716,ABC1234570015,blue,HIACE,0,,"Lloyds TBS Bank PLC",Toyota,"Car Not Found",12-10-2018,01-01-1970
70915,Z,Dubai,12345715,ABC1234570014,blue,RANGER,0,,"Lloyds TBS Bank PLC",Ford,"Car Not Found",12-10-2018,01-01-1970
70914,Z,Dubai,12345714,ABC1234570013,blue,COASTER,0,,"Lloyds TBS Bank PLC",Toyota,"Car Not Found",12-10-2018,01-01-1970
70913,Z,Dubai,12345713,ABC1234570012,blue,3.5L,0,,"Lloyds TBS Bank PLC",Lexus,"Car Not Found",12-10-2018,01-01-1970
70912,Z,Dubai,12345712,ABC1234570011,blue,HIACE,0,,"Lloyds TBS Bank PLC",Toyota,"Car Not Found",12-10-2018,01-01-1970
70911,Z,Dubai,12345711,ABC1234570010,blue,RANGER,0,,"Lloyds TBS Bank PLC",Ford,"Car Not Found",12-10-2018,01-01-1970
70910,Z,Dubai,12345710,ABC1234570009,blue,I20,0,,"Lloyds TBS Bank PLC",Hyundai,"Car Not Found",12-10-2018,01-01-1970
70909,Z,Dubai,12345709,ABC1234570008,blue,"2.5L SUV",0,,"Lloyds TBS Bank PLC",Toyota,"Car Not Found",12-10-2018,01-01-1970
70908,Z,Dubai,12345708,ABC1234570007,blue,SUV,0,,"Lloyds TBS Bank PLC",BMW,"Car Not Found",12-10-2018,01-01-1970
70907,Z,Dubai,12345707,ABC1234570006,blue,COASTER,0,,"Lloyds TBS Bank PLC",Toyota,"Car Not Found",12-10-2018,01-01-1970
70906,Z,Dubai,12345706,ABC1234570005,blue,3.5L,0,,"Lloyds TBS Bank PLC",Lexus,"Car Not Found",12-10-2018,01-01-1970
70905,Z,Dubai,12345705,ABC1234570004,blue,HIACE,0,,"Lloyds TBS Bank PLC",Toyota,"Car Not Found",12-10-2018,01-01-1970
70904,Z,Dubai,12345704,ABC1234570003,blue,RANGER,0,,"Lloyds TBS Bank PLC",Ford,"Car Not Found",12-10-2018,01-01-1970
70903,Z,Dubai,12345703,ABC1234570002,blue,I20,0,,"Lloyds TBS Bank PLC",Hyundai,"Car Not Found",12-10-2018,01-01-1970
70902,Z,Dubai,12345702,ABC1234570001,blue,"2.5L SUV",0,,"Lloyds TBS Bank PLC",Toyota,"Car Not Found",12-10-2018,01-01-1970
70901,Z,Dubai,12345701,ABC1234570000,blue,SUV,0,,"Lloyds TBS Bank PLC",BMW,"Car Not Found",12-10-2018,01-01-1970
