Date,"UID (Mob.)","User Name",Role,"Lending Bank","Regd. Under","Agent’s Bank","Plate Source Emirates","Plate Code","Plate No.","Car make","Chasis No.","Address Line 1","Address Line 2","Address Line 3","P.O. Box No.",Emirates,"Add location",Images,status
"05-10-2018 03:53 PM",91:7738811194,Sumit1,"Bank Administrator Employee","HSBC Bank Middle East Limited",Own,"Abu Dhabi Islamic Bank",Dubai,T,50002,-,ABC2C32E8RL21,Traced,_,_,_,_,-,-,-,"Waiting for bank confirmation"
"05-10-2018 03:51 PM",91:7738811194,Sumit1,"Bank Administrator Employee","HSBC Bank Middle East Limited",Own,"Abu Dhabi Islamic Bank","ABU DHABI",4,50032,-,ABC2C32E8RL36,Reported,hnan,,,,Fujairah,"0,0",-,"Waiting for bank confirmation"
"05-10-2018 03:50 PM",91:9768832928,priyanka,"Bank Administrator Employee","HSBC Bank Middle East Limited",Own,"HSBC Bank Middle East Limited",Dubai,T,50014,-,ABC2C32E8RL33,Reported,bss,,,,Dubai,"19.0169442,73.0385563",-,"Waiting for bank confirmation"
"05-10-2018 03:46 PM",91:7738811194,Sumit1,"Bank Administrator Employee","HSBC Bank Middle East Limited",Own,"Abu Dhabi Islamic Bank",Dubai,T,50001,-,ABC2C32E8RL20,Traced,_,_,_,_,-,-,-,"Waiting for bank confirmation"
"05-10-2018 03:45 PM",91:9768832928,priyanka,"Bank Administrator Employee","HSBC Bank Middle East Limited",Own,"HSBC Bank Middle East Limited",Dubai,T,50016,-,ABC2C32E8RL35,Reported,cbd,,,,Dubai,"19.0169442,73.0385563",-,"Waiting for bank confirmation"
"05-10-2018 03:34 PM",91:9987195091,pradeep,"Bank Administrator Employee","HSBC Bank Middle East Limited",Own,"Doha Bank","ABU DHABI",5,50035,-,ABC2C32E8RL39,Reported,nerul,,,,Dubai,"19.0169442,73.0385563",-,"Waiting for bank confirmation"
"05-10-2018 03:30 PM",91:9987195091,pradeep,"Bank Administrator Employee","HSBC Bank Middle East Limited",Own,"Doha Bank","ABU DHABI",5,50035,-,ABC2C32E8RL39,Traced,,,,,-,"19.0169442,73.0385563",-,"Waiting for bank confirmation"
"05-10-2018 03:15 PM",91:7738811194,Sumit1,"Bank Administrator Employee","HSBC Bank Middle East Limited",Own,"Abu Dhabi Islamic Bank",Dubai,T,50001,-,ABC2C32E8RL20,Traced,_,_,_,_,-,-,-,"Waiting for bank confirmation"
"05-10-2018 02:56 PM",91:7738811194,Sumit1,"Bank Administrator Employee","Abu Dhabi Islamic Bank",Own,"Abu Dhabi Islamic Bank",Dubai,R,20002,-,ABC2C32E8RL21,Reported,Ajjaja,,,,"Umm Al Quwain","0,0",-,"Waiting for bank confirmation"
"05-10-2018 02:55 PM",91:7738811194,Sumit1,"Bank Administrator Employee","Abu Dhabi Islamic Bank",Own,"Abu Dhabi Islamic Bank",Dubai,R,20002,-,ABC2C32E8RL21,Traced,_,_,_,_,-,-,-,"Waiting for bank confirmation"
"05-10-2018 02:23 PM",91:9987195091,pradeep,"Bank Administrator Employee","Abu Dhabi Islamic Bank",Own,"Doha Bank",Dubai,R,20001,-,ABC2C32E8RL20,Traced,_,_,_,_,-,-,-,"Waiting for bank confirmation"
"05-10-2018 01:01 PM",91:9987195091,pradeep,"Bank Administrator Employee","Abu Dhabi Islamic Bank",Own,"Doha Bank",Dubai,R,20001,-,ABC2C32E8RL20,Traced,,,,,-,"19.0168568,73.0386281",-,"Waiting for bank confirmation"
"05-10-2018 01:00 PM",91:8055915959,"kundan kumar","Bank Administrator Employee","Abu Dhabi Islamic Bank",Own,"Doha Bank",Dubai,R,20004,-,ABC2C32E8RL23,Reported,"Sakal Bhavan Rd, Sector 11, CBD Belapur, Navi Mumbai, Maharashtra 400614, India",,,,-,"19.0168751,73.0386125",-,"Waiting for bank confirmation"
"05-10-2018 12:15 PM",91:7738811194,Sumit1,"Bank Administrator Employee","Abu Dhabi Islamic Bank",Own,"Abu Dhabi Islamic Bank",Dubai,R,20005,-,ABC2C32E8RL24,Reported,nsnsjs,,,,"Umm Al Quwain","0,0",-,"Waiting for bank confirmation"
"05-10-2018 12:13 PM",91:7738811194,Sumit1,"Bank Administrator Employee","Abu Dhabi Islamic Bank",Own,"Abu Dhabi Islamic Bank",Dubai,R,20006,-,ABC2C32E8RL25,Reported,nsnsj,,,,"Umm Al Quwain","0,0",-,"Waiting for bank confirmation"
