"Plate No","Plate Code",Emirates,"Engine No","Chasis No","Car Colour","Car Model","Car Make",Bank,Status,Reason,Comment,"Created Date","Updated Date"
45632,2,Sharjah,P0089720,NITKP22O3E900,BLUE,COASTER,Toyota,"Doha Bank",Active,"Car Not Found",_,"29-08-18 14:28 PM",NA
20007,R,Dubai,12345607,ABC2C32E8RL26,blue,COASTER,Toyota,"Abu Dhabi Islamic Bank",Deactive,"Car Sold","car found","27-07-18 15:28 PM","29-08-18 11:24 AM"
20006,R,Dubai,12345606,ABC2C32E8RL25,blue,3.5L,Lexus,"Abu Dhabi Islamic Bank",Deactive,"Car Not Found",_,"27-07-18 15:28 PM","29-08-18 11:25 AM"
20005,R,Dubai,12345605,ABC2C32E8RL24,blue,HIACE,Toyota,"Abu Dhabi Islamic Bank",Active,"Car Not Found",_,"27-07-18 15:28 PM","27-08-18 15:03 PM"
20004,R,Dubai,12345604,ABC2C32E8RL23,blue,RANGER,Ford,"Abu Dhabi Islamic Bank",Active,"Car Not Found",_,"27-07-18 15:28 PM","27-08-18 15:03 PM"
20003,R,Dubai,12345603,ABC2C32E8RL22,blue,I20,Hyundai,"Abu Dhabi Islamic Bank",Active,"Car Not Found",_,"27-07-18 15:28 PM","27-08-18 15:03 PM"
20002,R,Dubai,12345602,ABC2C32E8RL21,blue,"2.5L SUV",Toyota,"Abu Dhabi Islamic Bank",Active,"Car Not Found",_,"27-07-18 15:28 PM","27-08-18 15:03 PM"
20001,R,Dubai,12345601,ABC2C32E8RL20,blue,SUV,BMW,"Abu Dhabi Islamic Bank",Active,"Car Not Found",_,"27-07-18 15:28 PM","27-08-18 15:03 PM"
