"Plate No","Plate Code","Plate Source Emirates","Engine No","Chasis No","Car Colour","Car Model",Status,"Comment Data","Bank Name","Car Make",Reason,"Record Date","Updated Date"
30228,S,"Ras Al Khaimah",12345728,ABC1234570097,RED,"PICK UPS",0,,"Habib Bank",Mitsubishi,"Car Not Found",26-10-2018,26-10-2018
30227,S,"Ras Al Khaimah",12345727,ABC1234570096,RED,"4.5L SUV",0,,"Habib Bank",Toyota,"Car Not Found",26-10-2018,01-01-1970
30226,S,"Ras Al Khaimah",12345726,ABC1234570095,RED,"3.2L FSI",0,,"Habib Bank",Audi,"Car Not Found",26-10-2018,01-01-1970
30216,S,Dubai,12345716,ABC1234570085,RED,HIACE,0,,"Habib Bank",Toyota,"Car Not Found",26-10-2018,01-01-1970
30215,S,Dubai,12345715,ABC1234570084,RED,RANGER,0,,"Habib Bank",Ford,"Car Not Found",26-10-2018,01-01-1970
30214,S,Dubai,12345714,ABC1234570083,RED,COASTER,0,,"Habib Bank",Toyota,"Car Not Found",26-10-2018,01-01-1970
30213,S,Dubai,12345713,ABC1234570082,RED,3.5L,0,,"Habib Bank",Lexus,"Car Not Found",26-10-2018,01-01-1970
30212,S,Dubai,12345712,ABC1234570081,RED,HIACE,0,,"Habib Bank",Toyota,"Car Not Found",26-10-2018,01-01-1970
30211,S,Dubai,12345711,ABC1234570080,RED,RANGER,0,,"Habib Bank",Ford,"Car Not Found",26-10-2018,01-01-1970
30210,S,Dubai,12345710,ABC1234570079,RED,I20,0,,"Habib Bank",Hyundai,"Car Not Found",26-10-2018,01-01-1970
30209,S,Dubai,12345709,ABC1234570078,RED,"2.5L SUV",0,,"Habib Bank",Toyota,"Car Not Found",26-10-2018,01-01-1970
30208,S,Dubai,12345708,ABC1234570077,RED,SUV,0,,"Habib Bank",BMW,"Car Not Found",26-10-2018,01-01-1970
30207,S,Dubai,12345707,ABC1234570076,RED,COASTER,0,,"Habib Bank",Toyota,"Car Not Found",26-10-2018,01-01-1970
30206,S,Dubai,12345706,ABC1234570075,RED,3.5L,0,,"Habib Bank",Lexus,"Car Not Found",26-10-2018,01-01-1970
30205,S,Dubai,12345705,ABC1234570074,RED,HIACE,0,,"Habib Bank",Toyota,"Car Not Found",26-10-2018,01-01-1970
30204,S,Dubai,12345704,ABC1234570073,RED,RANGER,0,,"Habib Bank",Ford,"Car Not Found",26-10-2018,01-01-1970
30203,S,Dubai,12345703,ABC1234570072,RED,I20,0,,"Habib Bank",Hyundai,"Car Not Found",26-10-2018,01-01-1970
30202,S,Dubai,12345702,ABC1234570071,RED,"2.5L SUV",0,,"Habib Bank",Toyota,"Car Not Found",26-10-2018,01-01-1970
30201,S,Dubai,12345701,ABC1234570070,RED,SUV,0,,"Habib Bank",BMW,"Car Not Found",26-10-2018,01-01-1970
