Date,"UID (Mob.)","User Name",Role,"Lending Bank","Regd. Under","Agent’s Bank","Plate Source Emirates","Plate Code","Plate No.","Car make","Chasis No.","Address Line 1","Address Line 2","Address Line 3","P.O. Box No.",Emirates,"Add location",Images,status
19-09-2018,91:9987889767,_,User,"HSBC Bank Middle East Limited",Own,_,"ABU DHABI",5,50035,-,ABC2C32E8RL39,0,,,,-,"19.0169618,73.0384367",-,"Waiting for bank confirmation"
19-09-2018,91:9987889767,_,User,"HSBC Bank Middle East Limited",Own,_,"ABU DHABI",5,50035,-,ABC2C32E8RL39,_,_,_,_,-,-,-,"Waiting for bank confirmation"
19-09-2018,91:9987889767,_,User,"HSBC Bank Middle East Limited",Own,_,"ABU DHABI",5,50035,-,ABC2C32E8RL39,_,_,_,_,-,-,-,"Waiting for bank confirmation"
18-09-2018,91:7738811194,"Sumit Chakole",User,"HSBC Bank Middle East Limited",Own,_,"ABU DHABI",4,50034,-,ABC2C32E8RL38,0,,,,-,"19.0167826,73.0386339",-,"Waiting for bank confirmation"
18-09-2018,91:7738811194,"Sumit Chakole",User,"Doha Bank",Own,_,Dubai,O,1234,-,ntjuft875,0,,,,-,"19.0167578,73.0386767",-,"Car Not Found"
18-09-2018,91:7738811194,"Sumit Chakole",User,"HSBC Bank Middle East Limited",Own,_,Dubai,T,50016,-,ABC2C32E8RL35,0,,,,-,"19.0167471,73.0388073",-,"Waiting for bank confirmation"
18-09-2018,91:7738811194,"Sumit Chakole",User,"HSBC Bank Middle East Limited",Own,_,Dubai,T,50016,-,ABC2C32E8RL35,,,,,-,"19.016789,73.0386595",-,"Waiting for bank confirmation"
18-09-2018,91:7738811194,"Sumit Chakole",User,"HSBC Bank Middle East Limited",Own,_,"ABU DHABI",5,50035,-,ABC2C32E8RL39,_,_,_,_,-,-,-,"Waiting for bank confirmation"
18-09-2018,91:7738811194,"Sumit Chakole",User,"Doha Bank",Own,_,Dubai,O,1234,-,ntjuft875,_,_,_,_,-,-,-,"Waiting for bank confirmation"
17-09-2018,91:7738811194,"Sumit Chakole",User,"Doha Bank",Own,_,Dubai,A,4564,-,NAKHT35V7GN5,_,_,_,_,-,-,-,"Waiting for bank confirmation"
11-09-2018,971:0509403933,_,User,_,-,_,Dubai,B,9806,-,_,_,_,_,_,-,-,-,"Waiting for bank confirmation"
11-09-2018,91:7738811194,"Sumit Chakole",User,_,-,_,Dubai,A,6454,-,_,_,_,_,_,-,-,-,"Waiting for bank confirmation"
08-09-2018,971:0509403933,_,User,_,-,_,Dubai,T,50010,-,_,plamera,"motor city ",,,Dubai,"25.059645,55.2985752",-,"Mobile Transfer Claimed"
07-09-2018,971:0508737408,_,User,_,-,_,"Abu Dhabi",4,50034,-,_,enoc,"arabian ranches",,,Dubai,"25.0596466,55.2985609",-,"Car Collected"
07-09-2018,91:7738811194,"Sumit Chakole",User,_,-,_,"Abu Dhabi",4,50033,-,_,_,_,_,_,-,-,-,"Waiting for bank confirmation"
