"Plate No","Plate Code","Plate Source Emirates","Engine No","Chasis No","Car Colour","Car Model",Status,"Comment Data","Bank Name","Car Make",Reason,"Record Date","Updated Date"
20007,R,Dubai,12345607,ABC2C32E8RL26,blue,COASTER,1,"not found on address","Abu Dhabi Islamic Bank",Toyota,"Customer Settled or paid the overdue",27-07-2018,30-08-2018
20006,R,Dubai,12345606,ABC2C32E8RL25,blue,3.5L,0,,"Abu Dhabi Islamic Bank",Lexus,"Car Not Found",27-07-2018,27-08-2018
20005,R,Dubai,12345605,ABC2C32E8RL24,blue,HIACE,0,,"Abu Dhabi Islamic Bank",Toyota,"Car Not Found",27-07-2018,27-08-2018
20004,R,Dubai,12345604,ABC2C32E8RL23,blue,RANGER,0,,"Abu Dhabi Islamic Bank",Ford,"Car Not Found",27-07-2018,27-08-2018
20003,R,Dubai,12345603,ABC2C32E8RL22,blue,I20,0,,"Abu Dhabi Islamic Bank",Hyundai,"Car Not Found",27-07-2018,27-08-2018
20002,R,Dubai,12345602,ABC2C32E8RL21,blue,"2.5L SUV",0,,"Abu Dhabi Islamic Bank",Toyota,"Car Not Found",27-07-2018,27-08-2018
20001,R,Dubai,12345601,ABC2C32E8RL20,blue,SUV,0,,"Abu Dhabi Islamic Bank",BMW,"Car Not Found",27-07-2018,27-08-2018
