"Plate No","Plate Code","Plate Source Emirates","Engine No","Chasis No","Car Colour","Car Model",Status,"Comment Data","Bank Name","Car Make",Reason,"Record Date","Updated Date"
91,5,"ABU DHABI",12345623,ABC2C32E8RL42,silver,I20,0,,"Doha Bank",Toyota,"Car Not Found",05-10-2018,09-10-2018
90,5,"ABU DHABI",12345622,ABC2C32E8RL41,silver,CAMARO,0,,"Doha Bank",Toyota,"Car Not Found",05-10-2018,05-10-2018
89,5,"ABU DHABI",12345621,ABC2C32E8RL40,silver,"PICK UPS",0,,"Doha Bank",Toyota,"Car Not Found",05-10-2018,05-10-2018
88,5,"ABU DHABI",12345620,ABC2C32E8RL39,silver,"4.5L SUV",0,,"Doha Bank",Toyota,"Car Not Found",05-10-2018,05-10-2018
86,5,"ABU DHABI",12345618,ABC2C32E8RL37,silver,"5.7L V8",0,,"Doha Bank",Toyota,"Car Not Found",05-10-2018,05-10-2018
84,5,"ABU DHABI",12345616,ABC2C32E8RL35,silver,TATA,0,,"Doha Bank",Toyota,"Car Not Found",05-10-2018,05-10-2018
82,5,"ABU DHABI",12345614,ABC2C32E8RL33,silver,CAMARO,0,,"Doha Bank",Toyota,"Car Not Found",05-10-2018,05-10-2018
76,5,"ABU DHABI",12345623,ABC2C32E8RL42,silver,I20,0,,"Doha Bank",Toyota,"Car Not Found",05-10-2018,05-10-2018
75,5,"ABU DHABI",12345622,ABC2C32E8RL41,silver,CAMARO,0,,"Doha Bank",Toyota,"Car Not Found",05-10-2018,05-10-2018
74,5,"ABU DHABI",12345621,ABC2C32E8RL40,silver,"PICK UPS",0,,"Doha Bank",Toyota,"Car Not Found",05-10-2018,05-10-2018
73,5,"ABU DHABI",12345620,ABC2C32E8RL39,silver,"4.5L SUV",0,,"Doha Bank",Toyota,"Car Not Found",05-10-2018,05-10-2018
71,5,"ABU DHABI",12345618,ABC2C32E8RL37,silver,"5.7L V8",0,,"Doha Bank",Toyota,"Car Not Found",05-10-2018,05-10-2018
69,5,"ABU DHABI",12345616,ABC2C32E8RL35,silver,TATA,0,,"Doha Bank",Toyota,"Car Not Found",05-10-2018,05-10-2018
67,5,"ABU DHABI",12345614,ABC2C32E8RL33,silver,CAMARO,0,,"Doha Bank",Toyota,"Car Not Found",05-10-2018,05-10-2018
44,5,"ABU DHABI",12345620,ABC2C32E8RL39,silver,"4.5L SUV",0,,"Doha Bank",Toyota,"Car Not Found",05-10-2018,01-01-1970
42,4,"ABU DHABI",12345618,ABC2C32E8RL37,silver,"5.7L V8",0,,"Doha Bank",Dodge,"Car Not Found",05-10-2018,01-01-1970
11111,A,Dubai,12561110,kkkkk2C32E8RL01,GREY,SUV,0,,"Doha Bank",BMW,"Car Not Found",30-08-2018,04-10-2018
4564,A,Dubai,H357867234,NAKHT35V7GN5,BLACK,I20,0,,"Doha Bank",Hyundai,"Car Not Found",30-08-2018,24-09-2018
1234,O,Dubai,3XB3765793,ntjuft875,Grey,I20,0,,"Doha Bank",Hyundai,"Car Not Found",30-08-2018,07-09-2018
67354,5,"ABU DHABI",G4CNDU43567,NAKHU52V7GN5,GOLDEN,I20,0,,"Doha Bank",Hyundai,"Car Not Found",30-08-2018,28-09-2018
"34874 K",F,Dubai,3XB3765892,NR3CE9F45SS6,WHITE,"PICK UPS",1,,"Doha Bank",Mitsubishi,"Customer Settled or paid the overdue",30-08-2018,07-09-2018
D/87872,B,"Ras Al Khaimah",7839992,NR3CE9F44SS5,WHITE,"PICK UPS",0,,"Doha Bank",Mitsubishi,"Car Not Found",30-08-2018,03-09-2018
87983,E,Dubai,4D24G50066,KJ6DRE8JIKC35,SILVER,"1.8L HAT",1,,"Doha Bank",Nissan,"Car Sold",30-08-2018,07-09-2018
H34562,D,Dubai,1RT34527682,KR0QX22G7S142,"PEARL WHITE","4.5L SUV",0,,"Doha Bank",Toyota,"Car Not Found",30-08-2018,30-08-2018
G76532,C,Dubai,GCR678098,HINOESTH50BO,BLACK,"3.2L FSI",0,,"Doha Bank",Audi,"Car Not Found",30-08-2018,30-08-2018
37652,Orange,Sharjah,8904325,NFJUTIT64F190,WHITE,"5.7L V8",1,,"Doha Bank",Dodge,"Car Sold",30-08-2018,07-09-2018
45632,2,Sharjah,P0089720,NITKP22O3E900,BLUE,COASTER,0,,"Doha Bank",Toyota,"Car Not Found",30-08-2018,30-08-2018
B32123,A,"Umm Al Quwain",472187SA,PL1KJ4C30PK32,WHITE,3.5L,0,,"Doha Bank",Lexus,"Car Not Found",30-08-2018,30-08-2018
9806,B,Dubai,A3423421,JTNUM09H8E703,WHITE,HIACE,0,,"Doha Bank",Toyota,"Car Not Found",30-08-2018,30-08-2018
A98872,A,"Ras Al Khaimah",F3GACD096741,NABCL50NK23,SILVER,RANGER,0,,"Doha Bank",Ford,"Car Not Found",30-08-2018,30-08-2018
12/34652,4,"ABU DHABI",3787901KJ,JL1PJ4G4DJ12,BLACK,I20,0,,"Doha Bank",Hyundai,"Car Not Found",30-08-2018,07-09-2018
Q32123,1,Sharjah,1NP8790231,MP2PW7G38J10,"PEARL WHITE","2.5L SUV",0,,"Doha Bank",Toyota,"Car Not Found",30-08-2018,30-08-2018
S83243,A,Dubai,12564320,LCR2C32E8RL01,GREY,SUV,0,,"Doha Bank",BMW,"Car Not Found",30-08-2018,30-08-2018
