Date,"UID (Mob.)","User Name",Role,"Lending Bank","Regd. Under","Agent’s Bank","Plate Source Emirates","Plate Code","Plate No.","Car make","Address Line 1","Address Line 2","Address Line 3","P.O. Box No.",Emirates,"Add location",Images,status
08-09-2018,971:0509403933,_,User,_,-,_,Dubai,T,50010,-,plamera,"motor city ",,,Dubai,"25.059645,55.2985752",-,"Mobile Transfer Claimed"
07-09-2018,971:0508737408,_,User,_,-,_,"Abu Dhabi",4,50034,-,enoc,"arabian ranches",,,Dubai,"25.0596466,55.2985609",-,"Car Collected"
07-09-2018,91:7738811194,_,User,_,-,_,"Abu Dhabi",4,50033,-,_,_,_,_,-,-,-,"Waiting for bank confirmation"
07-09-2018,91:7738811194,_,User,_,-,_,"Abu Dhabi",4,50034,-,_,_,_,_,-,-,-,"Waiting for bank confirmation"
07-09-2018,91:7738811194,_,User,_,-,_,"Abu Dhabi",5,50035,-,_,_,_,_,-,-,-,"Waiting for bank confirmation"
27-07-2018,+91:7738811194,sumit,"Bank Administrator","Abu Dhabi Islamic Bank",Own,"BMW Albatha Finance","Abu Dhabi",11,8679,-,_,_,_,_,-,-,-,"Waiting for bank confirmation"
27-07-2018,+91:7738811194,sumit,"Bank Administrator","Abu Dhabi Islamic Bank",Own,"BMW Albatha Finance","Abu Dhabi",11,8679,-,_,_,_,_,-,-,-,"Waiting for bank confirmation"
27-07-2018,+91:7738811194,sumit,"Bank Administrator","Abu Dhabi Islamic Bank",Own,"BMW Albatha Finance","Abu Dhabi",11,8679,-,_,_,_,_,-,-,-,"Waiting for bank confirmation"
27-07-2018,+91:7738811194,sumit,"Bank Administrator","Abu Dhabi Islamic Bank",Own,"BMW Albatha Finance","Abu Dhabi",11,8679,-,_,_,_,_,-,-,-,"Waiting for bank confirmation"
27-07-2018,+91:7738811194,sumit,"Bank Administrator",_,Own,"BMW Albatha Finance","Abu Dhabi",11,8679,-,_,_,_,_,-,-,-,"Waiting for bank confirmation"
27-07-2018,+91:7738811194,sumit,"Bank Administrator",_,-,_,"Abu Dhabi",11,8679,-,_,_,_,_,-,-,-,"Waiting for bank confirmation"
27-07-2018,+91:7738811194,sumit,"Bank Administrator",_,-,_,"Abu Dhabi",11,8679,-,_,_,_,_,-,-,-,"Waiting for bank confirmation"
24-07-2018,+91:7738811194,sumit,"Bank Administrator","Abu Dhabi Islamic Bank",Own,"BMW Albatha Finance","Abu Dhabi",11,8679,-,_,_,_,_,-,-,-,"Waiting for bank confirmation"
24-07-2018,+91:7738811194,sumit,"Bank Administrator","Abu Dhabi Islamic Bank",Own,"BMW Albatha Finance","Abu Dhabi",11,8679,-,_,_,_,_,-,-,-,"Waiting for bank confirmation"
24-07-2018,+91:9928975900,lalit,"Bank Administrator","Abu Dhabi Islamic Bank",Own,"BMW Albatha Finance","Abu Dhabi",11,8679,-,_,_,_,_,-,-,-,"Waiting for bank confirmation"
24-07-2018,+91:9928975900,lalit,"Bank Administrator","Abu Dhabi Islamic Bank",Own,"BMW Albatha Finance","Abu Dhabi",11,8679,-,_,_,_,_,-,-,-,"Waiting for bank confirmation"
24-07-2018,+91:9928975900,lalit,"Bank Administrator","Abu Dhabi Islamic Bank",Own,"BMW Albatha Finance","Abu Dhabi",11,8679,-,_,_,_,_,-,-,-,"Waiting for bank confirmation"
24-07-2018,+91:9928975900,lalit,"Bank Administrator","Abu Dhabi Islamic Bank",Own,"BMW Albatha Finance","Abu Dhabi",11,8679,-,_,_,_,_,-,-,-,"Waiting for bank confirmation"
24-07-2018,+91:9928975900,lalit,"Bank Administrator","Abu Dhabi Islamic Bank",Own,"BMW Albatha Finance","Abu Dhabi",11,8679,-,_,_,_,_,-,-,-,"Waiting for bank confirmation"
24-07-2018,+91:9928975900,lalit,"Bank Administrator","Abu Dhabi Islamic Bank",Own,"BMW Albatha Finance","Abu Dhabi",11,8679,-,_,_,_,_,-,-,-,"Waiting for bank confirmation"
