"Plate No","Plate Code",Emirates,"Engine No","Chasis No","Car Colour","Car Model","Car Make",Bank,Status,Reason,Comment,"Created Date","Updated Date"
50035,5,"ABU DHABI",12345620,ABC2C32E8RL39,silver,"4.5L SUV",Toyota,"HSBC Bank Middle East Limited",Active,"Car Not Found",_,"07-09-18 18:02 PM",NA
50034,4,"ABU DHABI",12345619,ABC2C32E8RL38,silver,"3.2L FSI",Audi,"HSBC Bank Middle East Limited",Active,"Car Not Found",_,"07-09-18 18:02 PM",NA
50033,4,"ABU DHABI",12345618,ABC2C32E8RL37,silver,"5.7L V8",Dodge,"HSBC Bank Middle East Limited",Active,"Car Not Found",_,"07-09-18 18:02 PM",NA
50032,4,"ABU DHABI",12345617,ABC2C32E8RL36,silver,HIACE,Toyota,"HSBC Bank Middle East Limited",Active,"Car Not Found",_,"07-09-18 18:02 PM",NA
50025,1,Sharjah,12345616,ABC2C32E8RL35,yellow,"5.7L V8",Dodge,"HSBC Bank Middle East Limited",Active,"Car Not Found",_,"07-09-18 18:02 PM",NA
50024,2,Sharjah,12345615,ABC2C32E8RL34,yellow,HIACE,Toyota,"HSBC Bank Middle East Limited",Active,"Car Not Found",_,"07-09-18 18:02 PM",NA
50022,2,Sharjah,12345613,ABC2C32E8RL32,yellow,COASTER,Toyota,"HSBC Bank Middle East Limited",Active,"Car Not Found",_,"07-09-18 18:02 PM",NA
50021,1,Sharjah,12345612,ABC2C32E8RL31,yellow,3.5L,Lexus,"HSBC Bank Middle East Limited",Active,"Car Not Found",_,"07-09-18 18:02 PM",NA
50020,2,Sharjah,12345611,ABC2C32E8RL30,blue,HIACE,Toyota,"HSBC Bank Middle East Limited",Active,"Car Not Found",_,"07-09-18 18:02 PM",NA
50019,2,Sharjah,12345610,ABC2C32E8RL29,yellow,"4.5L SUV",Toyota,"HSBC Bank Middle East Limited",Active,"Car Not Found",_,"07-09-18 18:02 PM",NA
50018,1,Sharjah,12345609,ABC2C32E8RL28,yellow,"3.2L FSI",Audi,"HSBC Bank Middle East Limited",Active,"Car Not Found",_,"07-09-18 18:02 PM",NA
50017,1,Sharjah,12345608,ABC2C32E8RL27,blue,"5.7L V8",Dodge,"HSBC Bank Middle East Limited",Active,"Car Not Found",_,"07-09-18 18:02 PM",NA
50016,T,Dubai,12345616,ABC2C32E8RL35,blue,HIACE,Toyota,"HSBC Bank Middle East Limited",Active,"Car Not Found",_,"07-09-18 18:02 PM",NA
50015,T,Dubai,12345615,ABC2C32E8RL34,blue,RANGER,Ford,"HSBC Bank Middle East Limited",Active,"Car Not Found",_,"07-09-18 18:02 PM",NA
50014,T,Dubai,12345614,ABC2C32E8RL33,blue,COASTER,Toyota,"HSBC Bank Middle East Limited",Active,"Car Not Found",_,"07-09-18 18:02 PM",NA
50013,T,Dubai,12345613,ABC2C32E8RL32,blue,3.5L,Lexus,"HSBC Bank Middle East Limited",Active,"Car Not Found",_,"07-09-18 18:02 PM",NA
50012,T,Dubai,12345612,ABC2C32E8RL31,blue,HIACE,Toyota,"HSBC Bank Middle East Limited",Active,"Car Not Found",_,"07-09-18 18:02 PM",NA
50011,T,Dubai,12345611,ABC2C32E8RL30,blue,RANGER,Ford,"HSBC Bank Middle East Limited",Active,"Car Not Found",_,"07-09-18 18:02 PM",NA
50010,T,Dubai,12345610,ABC2C32E8RL29,blue,I20,Hyundai,"HSBC Bank Middle East Limited",Active,"Car Not Found",_,"07-09-18 18:02 PM",NA
50009,T,Dubai,12345609,ABC2C32E8RL28,blue,"2.5L SUV",Toyota,"HSBC Bank Middle East Limited",Active,"Car Not Found",_,"07-09-18 18:02 PM",NA
50008,T,Dubai,12345608,ABC2C32E8RL27,blue,SUV,BMW,"HSBC Bank Middle East Limited",Active,"Car Not Found",_,"07-09-18 18:02 PM",NA
50007,T,Dubai,12345607,ABC2C32E8RL26,blue,COASTER,Toyota,"HSBC Bank Middle East Limited",Active,"Car Not Found",_,"07-09-18 18:02 PM",NA
50006,T,Dubai,12345606,ABC2C32E8RL25,blue,3.5L,Lexus,"HSBC Bank Middle East Limited",Active,"Car Not Found",_,"07-09-18 18:02 PM",NA
50005,T,Dubai,12345605,ABC2C32E8RL24,blue,HIACE,Toyota,"HSBC Bank Middle East Limited",Active,"Car Not Found",_,"07-09-18 18:02 PM",NA
50004,T,Dubai,12345604,ABC2C32E8RL23,blue,RANGER,Ford,"HSBC Bank Middle East Limited",Active,"Car Not Found",_,"07-09-18 18:02 PM",NA
50003,T,Dubai,12345603,ABC2C32E8RL22,blue,I20,Hyundai,"HSBC Bank Middle East Limited",Active,"Car Not Found",_,"07-09-18 18:02 PM",NA
50002,T,Dubai,12345602,ABC2C32E8RL21,blue,"2.5L SUV",Toyota,"HSBC Bank Middle East Limited",Active,"Car Not Found",_,"07-09-18 18:02 PM",NA
50001,T,Dubai,12345601,ABC2C32E8RL20,blue,SUV,BMW,"HSBC Bank Middle East Limited",Active,"Car Not Found",_,"07-09-18 18:02 PM",NA
11111,A,Dubai,12561110,kkkkk2C32E8RL01,GREY,SUV,BMW,"Doha Bank",Deactive,"Customer Settled or paid the overdue","hi no settled","30-08-18 12:44 PM","05-09-18 15:34 PM"
4564,A,Dubai,H357867234,NAKHT35V7GN5,BLACK,I20,Hyundai,"Doha Bank",Active,"Car Not Found",,"30-08-18 12:18 PM","07-09-18 13:20 PM"
1234,O,Dubai,3XB3765793,ntjuft875,Grey,I20,Hyundai,"Doha Bank",Active,"Car Not Found",,"30-08-18 12:18 PM","07-09-18 13:20 PM"
67354,5,"ABU DHABI",G4CNDU43567,NAKHU52V7GN5,GOLDEN,I20,Hyundai,"Doha Bank",Deactive,"Car repossessed",,"30-08-18 12:18 PM","07-09-18 10:43 AM"
"34874 K",F,Dubai,3XB3765892,NR3CE9F45SS6,WHITE,"PICK UPS",Mitsubishi,"Doha Bank",Deactive,"Customer Settled or paid the overdue",,"30-08-18 12:18 PM","07-09-18 13:20 PM"
D/87872,B,"Ras Al Khaimah",7839992,NR3CE9F44SS5,WHITE,"PICK UPS",Mitsubishi,"Doha Bank",Active,"Car Not Found",,"30-08-18 12:18 PM","03-09-18 16:18 PM"
87983,E,Dubai,4D24G50066,KJ6DRE8JIKC35,SILVER,"1.8L HAT",Nissan,"Doha Bank",Deactive,"Car Sold",,"30-08-18 12:18 PM","07-09-18 10:42 AM"
H34562,D,Dubai,1RT34527682,KR0QX22G7S142,"PEARL WHITE","4.5L SUV",Toyota,"Doha Bank",Active,"Car Not Found",_,"30-08-18 12:18 PM","30-08-18 14:15 PM"
G76532,C,Dubai,GCR678098,HINOESTH50BO,BLACK,"3.2L FSI",Audi,"Doha Bank",Active,"Car Not Found",_,"30-08-18 12:18 PM","30-08-18 14:15 PM"
37652,Orange,Sharjah,8904325,NFJUTIT64F190,WHITE,"5.7L V8",Dodge,"Doha Bank",Deactive,"Car Sold",,"30-08-18 12:18 PM","07-09-18 13:20 PM"
45632,2,Sharjah,P0089720,NITKP22O3E900,BLUE,COASTER,Toyota,"Doha Bank",Active,"Car Not Found",_,"30-08-18 12:18 PM","30-08-18 14:15 PM"
B32123,A,"Umm Al Quwain",472187SA,PL1KJ4C30PK32,WHITE,3.5L,Lexus,"Doha Bank",Active,"Car Not Found",_,"30-08-18 12:18 PM","30-08-18 14:15 PM"
9806,B,Dubai,A3423421,JTNUM09H8E703,WHITE,HIACE,Toyota,"Doha Bank",Active,"Car Not Found",_,"30-08-18 12:18 PM","30-08-18 14:15 PM"
A98872,A,"Ras Al Khaimah",F3GACD096741,NABCL50NK23,SILVER,RANGER,Ford,"Doha Bank",Active,"Car Not Found",_,"30-08-18 12:18 PM","30-08-18 14:15 PM"
12/34652,4,"ABU DHABI",3787901KJ,JL1PJ4G4DJ12,BLACK,I20,Hyundai,"Doha Bank",Active,"Car Not Found",,"30-08-18 12:18 PM","07-09-18 16:10 PM"
Q32123,1,Sharjah,1NP8790231,MP2PW7G38J10,"PEARL WHITE","2.5L SUV",Toyota,"Doha Bank",Active,"Car Not Found",_,"30-08-18 12:18 PM","30-08-18 14:15 PM"
S83243,A,Dubai,12564320,LCR2C32E8RL01,GREY,SUV,BMW,"Doha Bank",Active,"Car Not Found",_,"30-08-18 12:18 PM","30-08-18 14:15 PM"
20007,R,Dubai,12345607,ABC2C32E8RL26,blue,COASTER,Toyota,"Abu Dhabi Islamic Bank",Deactive,"Customer Settled or paid the overdue","not found on address","27-07-18 15:28 PM","30-08-18 14:46 PM"
20006,R,Dubai,12345606,ABC2C32E8RL25,blue,3.5L,Lexus,"Abu Dhabi Islamic Bank",Active,"Car Not Found",_,"27-07-18 15:28 PM","27-08-18 15:03 PM"
20005,R,Dubai,12345605,ABC2C32E8RL24,blue,HIACE,Toyota,"Abu Dhabi Islamic Bank",Active,"Car Not Found",_,"27-07-18 15:28 PM","27-08-18 15:03 PM"
20004,R,Dubai,12345604,ABC2C32E8RL23,blue,RANGER,Ford,"Abu Dhabi Islamic Bank",Active,"Car Not Found",_,"27-07-18 15:28 PM","27-08-18 15:03 PM"
20003,R,Dubai,12345603,ABC2C32E8RL22,blue,I20,Hyundai,"Abu Dhabi Islamic Bank",Active,"Car Not Found",_,"27-07-18 15:28 PM","27-08-18 15:03 PM"
20002,R,Dubai,12345602,ABC2C32E8RL21,blue,"2.5L SUV",Toyota,"Abu Dhabi Islamic Bank",Active,"Car Not Found",_,"27-07-18 15:28 PM","27-08-18 15:03 PM"
20001,R,Dubai,12345601,ABC2C32E8RL20,blue,SUV,BMW,"Abu Dhabi Islamic Bank",Active,"Car Not Found",_,"27-07-18 15:28 PM","27-08-18 15:03 PM"
8679,11,"Abu Dhabi",1NP8790231,MP2PW7G3450,BLACK,SUV,Bugatti,"Abu Dhabi Islamic Bank",Active,"Car Not Found",_,"27-08-18 15:03 PM",NA
