"Plate No","Plate Code","Plate Source Emirates","Engine No","Chasis No","Car Colour","Car Model",Status,"Comment Data","Bank Name","Car Make",Reason,"Record Date","Updated Date"
53316,Q,Dubai,12345716,ABC1234570516,RED,HIACE,0,,"Citibank UAE",Toyota,"Car Not Found",14-06-2019,01-01-1970
53315,Q,Dubai,12345715,ABC1234570515,RED,RANGER,0,,"Citibank UAE",Ford,"Car Not Found",14-06-2019,01-01-1970
53314,Q,Dubai,12345714,ABC1234570514,RED,COASTER,0,,"Citibank UAE",Toyota,"Car Not Found",14-06-2019,01-01-1970
53313,Q,Dubai,12345713,ABC1234570513,RED,3.5L,0,,"Citibank UAE",Lexus,"Car Not Found",14-06-2019,01-01-1970
53312,Q,Dubai,12345712,ABC1234570512,RED,HIACE,0,,"Citibank UAE",Toyota,"Car Not Found",14-06-2019,01-01-1970
53311,Q,Dubai,12345711,ABC1234570511,RED,RANGER,0,,"Citibank UAE",Ford,"Car Not Found",14-06-2019,01-01-1970
53310,Q,Dubai,12345710,ABC1234570510,RED,I20,0,,"Citibank UAE",Hyundai,"Car Not Found",14-06-2019,01-01-1970
53309,Q,Dubai,12345709,ABC1234570509,RED,"2.5L SUV",0,,"Citibank UAE",Toyota,"Car Not Found",14-06-2019,01-01-1970
53308,Q,Dubai,12345708,ABC1234570508,RED,SUV,0,,"Citibank UAE",BMW,"Car Not Found",14-06-2019,01-01-1970
53307,Q,Dubai,12345707,ABC1234570507,RED,COASTER,0,,"Citibank UAE",Toyota,"Car Not Found",14-06-2019,01-01-1970
53306,Q,Dubai,12345706,ABC1234570506,RED,3.5L,0,,"Citibank UAE",Lexus,"Car Not Found",14-06-2019,01-01-1970
53305,Q,Dubai,12345705,ABC1234570505,RED,HIACE,0,,"Citibank UAE",Toyota,"Car Not Found",14-06-2019,01-01-1970
53304,Q,Dubai,12345704,ABC1234570504,RED,RANGER,0,,"Citibank UAE",Ford,"Car Not Found",14-06-2019,01-01-1970
53303,Q,Dubai,12345703,ABC1234570503,RED,I20,0,,"Citibank UAE",Hyundai,"Car Not Found",14-06-2019,01-01-1970
53302,Q,Dubai,12345702,ABC1234570502,RED,"2.5L SUV",0,,"Citibank UAE",Toyota,"Car Not Found",14-06-2019,01-01-1970
53301,Q,Dubai,12345701,ABC1234570501,RED,SUV,0,,"Citibank UAE",BMW,"Car Not Found",14-06-2019,01-01-1970
