"Plate No","Plate Code",Emirates,"Engine No","Chasis No","Car Colour","Car Model","Car Make",Bank,Status,Reason,Comment,"Created Date","Updated Date"
4564,A,Dubai,H357867234,NAKHT35V7GN5,BLACK,I20,Hyundai,"Doha Bank",Active,"Car Not Found",_,"29-08-18 11:50 AM",NA
1234,O,Dubai,3XB3765793,ntjuft875,Grey,I20,Hyundai,"Doha Bank",Active,"Car Not Found",_,"29-08-18 11:50 AM",NA
67354,5,"ABU DHABI",G4CNDU43567,NAKHU52V7GN5,GOLDEN,I20,Hyundai,"Doha Bank",Active,"Car Not Found",_,"29-08-18 11:50 AM",NA
"34874 K",F,Dubai,3XB3765892,NR3CE9F45SS6,WHITE,"PICK UPS",Mitsubishi,"Doha Bank",Active,"Car Not Found",_,"29-08-18 11:50 AM",NA
D/87872,B,"Ras Al Khaimah",7839992,NR3CE9F44SS5,WHITE,"PICK UPS",Mitsubishi,"Doha Bank",Active,"Car Not Found",_,"29-08-18 11:50 AM",NA
87983,E,Dubai,4D24G50066,KJ6DRE8JIKC35,SILVER,"1.8L HAT",Nissan,"Doha Bank",Active,"Car Not Found",_,"29-08-18 11:50 AM",NA
H34562,D,Dubai,1RT34527682,KR0QX22G7S142,"PEARL WHITE","4.5L SUV",Toyota,"Doha Bank",Active,"Car Not Found",_,"29-08-18 11:50 AM",NA
G76532,C,Dubai,GCR678098,HINOESTH50BO,BLACK,"3.2L FSI",Audi,"Doha Bank",Active,"Car Not Found",_,"29-08-18 11:50 AM",NA
37652,Orange,Sharjah,8904325,NFJUTIT64F190,WHITE,"5.7L V8",Dodge,"Doha Bank",Active,"Car Not Found",_,"29-08-18 11:50 AM",NA
45632,2,Sharjah,P0089720,NITKP22O3E900,BLUE,COASTER,Toyota,"Doha Bank",Active,"Car Not Found",_,"29-08-18 11:50 AM",NA
B32123,A,"Umm Al Quwain",472187SA,PL1KJ4C30PK32,WHITE,3.5L,Lexus,"Doha Bank",Active,"Car Not Found",_,"29-08-18 11:50 AM",NA
9806,B,Dubai,A3423421,JTNUM09H8E703,WHITE,HIACE,Toyota,"Doha Bank",Active,"Car Not Found",_,"29-08-18 11:50 AM",NA
A98872,A,"Ras Al Khaimah",F3GACD096741,NABCL50NK23,SILVER,RANGER,Ford,"Doha Bank",Active,"Car Not Found",_,"29-08-18 11:50 AM",NA
12/34652,4,"ABU DHABI",3787901KJ,JL1PJ4G4DJ12,BLACK,I20,Hyundai,"Doha Bank",Active,"Car Not Found",_,"29-08-18 11:50 AM",NA
Q32123,1,Sharjah,1NP8790231,MP2PW7G38J10,"PEARL WHITE","2.5L SUV",Toyota,"Doha Bank",Active,"Car Not Found",_,"29-08-18 11:50 AM",NA
S83243,A,Dubai,12564320,LCR2C32E8RL01,GREY,SUV,BMW,"Doha Bank",Active,"Car Not Found",_,"29-08-18 11:50 AM",NA
20007,R,Dubai,12345607,ABC2C32E8RL26,blue,COASTER,Toyota,"Abu Dhabi Islamic Bank",Deactive,"Car Sold","car found","27-07-18 15:28 PM","29-08-18 11:24 AM"
20006,R,Dubai,12345606,ABC2C32E8RL25,blue,3.5L,Lexus,"Abu Dhabi Islamic Bank",Deactive,"Car Not Found",_,"27-07-18 15:28 PM","29-08-18 11:25 AM"
20005,R,Dubai,12345605,ABC2C32E8RL24,blue,HIACE,Toyota,"Abu Dhabi Islamic Bank",Active,"Car Not Found",_,"27-07-18 15:28 PM","27-08-18 15:03 PM"
20004,R,Dubai,12345604,ABC2C32E8RL23,blue,RANGER,Ford,"Abu Dhabi Islamic Bank",Active,"Car Not Found",_,"27-07-18 15:28 PM","27-08-18 15:03 PM"
20003,R,Dubai,12345603,ABC2C32E8RL22,blue,I20,Hyundai,"Abu Dhabi Islamic Bank",Active,"Car Not Found",_,"27-07-18 15:28 PM","27-08-18 15:03 PM"
20002,R,Dubai,12345602,ABC2C32E8RL21,blue,"2.5L SUV",Toyota,"Abu Dhabi Islamic Bank",Active,"Car Not Found",_,"27-07-18 15:28 PM","27-08-18 15:03 PM"
20001,R,Dubai,12345601,ABC2C32E8RL20,blue,SUV,BMW,"Abu Dhabi Islamic Bank",Active,"Car Not Found",_,"27-07-18 15:28 PM","27-08-18 15:03 PM"
8679,11,"Abu Dhabi",1NP8790231,MP2PW7G3450,BLACK,SUV,Bugatti,"Abu Dhabi Islamic Bank",Active,"Car Not Found",_,"27-08-18 15:03 PM",NA
