"Plate No","Plate Code","Plate Source Emirates","Engine No","Chasis No","Car Colour","Car Model",Status,"Comment Data","Bank Name","Car Make",Reason,"Record Date","Updated Date"
50035,5,"ABU DHABI",12345620,ABC2C32E8RL39,silver,"4.5L SUV",1,test,"HSBC Bank Middle East Limited",Toyota,"Car Sold",10-09-2018,14-06-2019
50034,4,"ABU DHABI",12345619,ABC2C32E8RL38,silver,"3.2L FSI",0,,"HSBC Bank Middle East Limited",Audi,"Car Not Found",10-09-2018,01-01-1970
50033,4,"ABU DHABI",12345618,ABC2C32E8RL37,silver,"5.7L V8",0,,"HSBC Bank Middle East Limited",Dodge,"Car Not Found",10-09-2018,01-01-1970
50032,4,"ABU DHABI",12345617,ABC2C32E8RL36,silver,HIACE,0,,"HSBC Bank Middle East Limited",Toyota,"Car Not Found",10-09-2018,01-01-1970
50025,1,Sharjah,12345616,ABC2C32E8RL35,yellow,"5.7L V8",0,,"HSBC Bank Middle East Limited",Dodge,"Car Not Found",10-09-2018,01-01-1970
50024,2,Sharjah,12345615,ABC2C32E8RL34,yellow,HIACE,0,,"HSBC Bank Middle East Limited",Toyota,"Car Not Found",10-09-2018,01-01-1970
50022,2,Sharjah,12345613,ABC2C32E8RL32,yellow,COASTER,0,,"HSBC Bank Middle East Limited",Toyota,"Car Not Found",10-09-2018,01-01-1970
50021,1,Sharjah,12345612,ABC2C32E8RL31,yellow,3.5L,0,,"HSBC Bank Middle East Limited",Lexus,"Car Not Found",10-09-2018,01-01-1970
50020,2,Sharjah,12345611,ABC2C32E8RL30,blue,HIACE,0,,"HSBC Bank Middle East Limited",Toyota,"Car Not Found",10-09-2018,01-01-1970
50019,2,Sharjah,12345610,ABC2C32E8RL29,yellow,"4.5L SUV",0,,"HSBC Bank Middle East Limited",Toyota,"Car Not Found",10-09-2018,01-01-1970
50018,1,Sharjah,12345609,ABC2C32E8RL28,yellow,"3.2L FSI",0,,"HSBC Bank Middle East Limited",Audi,"Car Not Found",10-09-2018,01-01-1970
50017,1,Sharjah,12345608,ABC2C32E8RL27,blue,"5.7L V8",0,,"HSBC Bank Middle East Limited",Dodge,"Car Not Found",10-09-2018,01-01-1970
50016,T,Dubai,12345616,ABC2C32E8RL35,blue,HIACE,0,,"HSBC Bank Middle East Limited",Toyota,"Car Not Found",10-09-2018,01-01-1970
50015,T,Dubai,12345615,ABC2C32E8RL34,blue,RANGER,0,,"HSBC Bank Middle East Limited",Ford,"Car Not Found",10-09-2018,01-01-1970
50014,T,Dubai,12345614,ABC2C32E8RL33,blue,COASTER,0,,"HSBC Bank Middle East Limited",Toyota,"Car Not Found",10-09-2018,01-01-1970
50013,T,Dubai,12345613,ABC2C32E8RL32,blue,3.5L,0,,"HSBC Bank Middle East Limited",Lexus,"Car Not Found",10-09-2018,01-01-1970
50012,T,Dubai,12345612,ABC2C32E8RL31,blue,HIACE,0,,"HSBC Bank Middle East Limited",Toyota,"Car Not Found",10-09-2018,01-01-1970
50011,T,Dubai,12345611,ABC2C32E8RL30,blue,RANGER,0,,"HSBC Bank Middle East Limited",Ford,"Car Not Found",10-09-2018,01-01-1970
50010,T,Dubai,12345610,ABC2C32E8RL29,blue,I20,0,,"HSBC Bank Middle East Limited",Hyundai,"Car Not Found",10-09-2018,01-01-1970
50009,T,Dubai,12345609,ABC2C32E8RL28,blue,"2.5L SUV",0,,"HSBC Bank Middle East Limited",Toyota,"Car Not Found",10-09-2018,01-01-1970
50008,T,Dubai,12345608,ABC2C32E8RL27,blue,SUV,0,,"HSBC Bank Middle East Limited",BMW,"Car Not Found",10-09-2018,01-01-1970
50007,T,Dubai,12345607,ABC2C32E8RL26,blue,COASTER,0,,"HSBC Bank Middle East Limited",Toyota,"Car Not Found",10-09-2018,01-01-1970
50006,T,Dubai,12345606,ABC2C32E8RL25,blue,3.5L,0,,"HSBC Bank Middle East Limited",Lexus,"Car Not Found",10-09-2018,01-01-1970
50005,T,Dubai,12345605,ABC2C32E8RL24,blue,HIACE,0,,"HSBC Bank Middle East Limited",Toyota,"Car Not Found",10-09-2018,01-01-1970
50004,T,Dubai,12345604,ABC2C32E8RL23,blue,RANGER,0,,"HSBC Bank Middle East Limited",Ford,"Car Not Found",10-09-2018,01-01-1970
50003,T,Dubai,12345603,ABC2C32E8RL22,blue,I20,0,,"HSBC Bank Middle East Limited",Hyundai,"Car Not Found",10-09-2018,01-01-1970
50002,T,Dubai,12345602,ABC2C32E8RL21,blue,"2.5L SUV",0,,"HSBC Bank Middle East Limited",Toyota,"Car Not Found",10-09-2018,01-01-1970
50001,T,Dubai,12345601,ABC2C32E8RL20,blue,SUV,0,,"HSBC Bank Middle East Limited",BMW,"Car Not Found",10-09-2018,01-01-1970
