Date,"UID (Mob.)","User Name",Role,"Lending Bank","Regd. Under","Agent’s Bank","Plate Source Emirates","Plate Code","Plate No.","Car make","Address Line 1","Address Line 2","Address Line 3","P.O. Box No.",Emirates,"Add location",Images,status
19-06-2018,971:508737408,Gaurav,User,_,-,_,Dubai,N,67452,-,_,_,_,_,-,-,-,"Waiting for bank confirmation"
19-06-2018,971:508737408,Gaurav,User,_,-,_,"Umm Al-Qaiwain",B,32123,-,_,_,_,_,-,-,-,"Waiting for bank confirmation"
27-03-2018,91:8796189191,"Pritee Shende",User,_,-,_,"Umm Al-Qaiwain",B,0074,-,_,_,_,_,-,-,-,"Waiting for bank confirmation"
27-03-2018,91:8796189191,"Pritee Shende",User,_,-,_,Sharjah,White,0074,-,_,_,_,_,-,-,-,"Waiting for bank confirmation"
27-03-2018,91:8796189191,"Pritee Shende",User,_,-,_,Ajman,B,0074,-,_,_,_,_,-,-,-,"Waiting for bank confirmation"
27-03-2018,91:8796189191,"Pritee Shende",User,_,-,_,"Umm Al-Qaiwain",B,0074,-,_,_,_,_,-,-,-,"Waiting for bank confirmation"
26-03-2018,91:8796189191,"Pritee Shende",User,_,-,_,Ajman,B,0074,-,_,_,_,_,-,-,-,"Waiting for bank confirmation"
26-03-2018,91:8796189191,"Pritee Shende",User,_,-,_,"Abu Dhabi",14,0074,-,_,_,_,_,-,-,-,"Waiting for bank confirmation"
26-03-2018,91:8796189191,"Pritee Shende",User,_,-,_,"Abu Dhabi",14,0074,-,_,_,_,_,-,-,-,"Waiting for bank confirmation"
26-03-2018,91:8796189191,"Pritee Shende",User,_,-,_,"Abu Dhabi",14,0074,-,_,_,_,_,-,-,-,"Waiting for bank confirmation"
26-03-2018,91:8796189191,"Pritee Shende",User,_,-,_,"Abu Dhabi",14,0074,-,_,_,_,_,-,-,-,"Waiting for bank confirmation"
26-03-2018,91:8796189191,"Pritee Shende",User,_,-,_,"Abu Dhabi",14,0074,-,_,_,_,_,-,-,-,"Waiting for bank confirmation"
26-03-2018,91:8796189191,"Pritee Shende",User,_,-,_,"Abu Dhabi",14,0074,-,_,_,_,_,-,-,-,"Waiting for bank confirmation"
26-03-2018,91:8796189191,"Pritee Shende",User,_,-,_,"Abu Dhabi",14,0074,-,_,_,_,_,-,-,-,"Waiting for bank confirmation"
26-03-2018,91:8796189191,"Pritee Shende",User,_,-,_,"Abu Dhabi",14,0074,-,_,_,_,_,-,-,-,"Waiting for bank confirmation"
26-03-2018,91:8796189191,"Pritee Shende",User,_,-,_,Ajman,B,0074,-,_,_,_,_,-,-,-,"Waiting for bank confirmation"
23-03-2018,91:8796189191,"Pritee Shende",User,_,-,_,"Abu Dhabi",13,1244,-,_,_,_,_,-,-,-,"Waiting for bank confirmation"
14-03-2018,91:9987337447,kailas,User,_,-,_,Ajman,A,345345,-,_,_,_,_,-,-,-,"Waiting for bank confirmation"
13-03-2018,91:9028255981,"Vaibhav Kulkarni",User,_,-,_,"Abu Dhabi",10,12348,-,_,_,_,_,-,-,-,"Waiting for bank confirmation"
07-02-2018,91:9028255981,"Vaibhav Kulkarni",User,_,-,_,Ajman,C,566,-,_,_,_,_,-,-,-,"Waiting for bank confirmation"
02-02-2018,91:8655598948,Pramod,User,_,-,_,Ajman,C,456,-,_,_,_,_,-,-,-,"Waiting for bank confirmation"
02-02-2018,91:8655598948,Pramod,User,_,-,_,Sharjah,Orange,46239,-,_,_,_,_,-,-,-,"Waiting for bank confirmation"
02-02-2018,91:8655598948,Pramod,User,_,-,_,"Abu Dhabi",5,4629,-,_,_,_,_,-,-,-,"Waiting for bank confirmation"
02-01-2018,91:8655598948,Pramod,User,"Doha Bank",Own,_,Dubai,B,9806,-,_,_,_,_,-,-,-,"Waiting for bank confirmation"
18-12-2017,91:8655598948,Pramod,User,"Doha Bank",Own,_,Dubai,B,9806,-,"near sai plaza",,,,Dubai,"0,0",-,"Car reported by other"
22-11-2017,91:8655598948,Pramod,User,_,-,_,Ajman,C,589,-,_,_,_,_,-,-,-,"Waiting for bank confirmation"
09-10-2017,971:508737408,Gaurav,User,_,-,_,Dubai,D,52145,-,_,_,_,_,-,-,-,"Waiting for bank confirmation"
14-09-2017,91:8655598948,Pramod,User,"Doha Bank",Own,_,Dubai,B,9806,-,_,_,_,_,-,-,-,"Waiting for bank confirmation"
08-09-2017,971:508737408,Gaurav,User,_,-,_,Dubai,B,75252,-,_,_,_,_,-,-,-,"Waiting for bank confirmation"
