"Plate No.","Plate Code","Plate Source Emirates",Status,"Sub Status","Agent Name","Car Bank Name"
45632,77,Sharjah,Rejected,"Car reported by other","Test Rakesh","HSBC Bank Middle East Limited"
45632,75,Sharjah,"Cash Payment","Cash Payment Claimed",chandan,"HSBC Bank Middle East Limited"
45632,76,Sharjah,"Cash Payment","Cash Payment Claimed","Kailas Sutar","HSBC Bank Middle East Limited"
45632,75,Sharjah,"Cash Payment","Cash Payment Claimed","Kailas Sutar","HSBC Bank Middle East Limited"
e46056,75,Sharjah,"Cash Payment","Cash Payment Claimed",chandan,RAKBANK
45632,76,Sharjah,"Cash Payment","Cash Payment Claimed",-,-
45632,74,Sharjah,"In Progress","Waiting for bank confirmation",-,-
45632,74,Sharjah,"In Progress","Waiting for bank confirmation",-,-
45632,76,Sharjah,"Cash Payment","Cash Payment Claimed",-,"HSBC Bank Middle East Limited"
45632,75,Sharjah,"Mobile Transfer","Applied for Mobile Transfer",-,"HSBC Bank Middle East Limited"
45632,77,Sharjah,"Mobile Transfer","Applied for Mobile Transfer",-,"HSBC Bank Middle East Limited"
45632,77,Sharjah,"Cash Payment","Applied for Cash Payment",-,"HSBC Bank Middle East Limited"
45632,77,Sharjah,"In Progress","Waiting for bank confirmation",-,"HSBC Bank Middle East Limited"
45632,74,Sharjah,"Cash Payment","Applied for Cash Payment","kailas labde","HSBC Bank Middle East Limited"
45632,77,Sharjah,"In Progress","Waiting for bank confirmation","kailas labde","HSBC Bank Middle East Limited"
45632,76,Sharjah,"In Progress","Waiting for bank confirmation","kailas labde","HSBC Bank Middle East Limited"
45632,76,Sharjah,"In Progress","Waiting for bank confirmation","kailas labde","HSBC Bank Middle East Limited"
45632,77,Sharjah,Rejected,"Car reported by other","kailas labde","HSBC Bank Middle East Limited"
45632,77,Sharjah,"In Progress","Waiting for bank confirmation","kailas labde","HSBC Bank Middle East Limited"
45632,77,Sharjah,"In Progress","Waiting for bank confirmation","kailas labde","HSBC Bank Middle East Limited"
45632,77,Sharjah,"In Progress","Waiting for bank confirmation","kailas labde","HSBC Bank Middle East Limited"
45632,76,Sharjah,"In Progress","Waiting for bank confirmation","kailas labde","HSBC Bank Middle East Limited"
45632,77,Sharjah,"In Progress","Waiting for bank confirmation","kailas labde","HSBC Bank Middle East Limited"
45632,77,Sharjah,"In Progress","Waiting for bank confirmation","kailas labde","HSBC Bank Middle East Limited"
45632,77,Sharjah,"In Progress","Waiting for bank confirmation","kailas labde","HSBC Bank Middle East Limited"
45632,77,Sharjah,Voucher,"Applied for Voucher","kailas labde","HSBC Bank Middle East Limited"
45632,77,Sharjah,Voucher,"Applied for Voucher","kailas labde","HSBC Bank Middle East Limited"
45632,77,Sharjah,"In Progress","Waiting for bank confirmation","kailas labde","HSBC Bank Middle East Limited"
45632,77,Sharjah,"In Progress","Waiting for bank confirmation","kailas labde","HSBC Bank Middle East Limited"
45632,77,Sharjah,"In Progress","Waiting for bank confirmation","kailas labde","HSBC Bank Middle East Limited"
45632,77,Sharjah,"In Progress","Waiting for bank confirmation","kailas labde","HSBC Bank Middle East Limited"
45632,77,Sharjah,"In Progress","Waiting for bank confirmation","kailas labde","HSBC Bank Middle East Limited"
45632,77,Sharjah,"In Progress","Waiting for bank confirmation","kailas labde","HSBC Bank Middle East Limited"
45632,77,Sharjah,"In Progress","Waiting for bank confirmation","kailas labde","HSBC Bank Middle East Limited"
45632,77,Sharjah,"In Progress","Waiting for bank confirmation","kailas labde","HSBC Bank Middle East Limited"
9806,24,Dubai,"Mobile Transfer","Applied for Mobile Transfer","kailas labde","Commercial Bank International"
s83243,24,Dubai,"Mobile Transfer","Applied for Mobile Transfer","kailas labde","Commercial Bank International"
45632,77,Sharjah,"In Progress","Waiting for bank confirmation","kailas labde","HSBC Bank Middle East Limited"
45632,77,Sharjah,"In Progress","Waiting for bank confirmation","kailas labde","HSBC Bank Middle East Limited"
45632,77,Sharjah,"In Progress","Waiting for bank confirmation","kailas labde","HSBC Bank Middle East Limited"
s83243,24,Dubai,Rejected,"Car reported by other","kailas labde","Commercial Bank International"
45632,77,Sharjah,Rejected,"Car Not Found","kailas labde","HSBC Bank Middle East Limited"
45632,77,Sharjah,Rejected,"Car Not Found","kailas labde","HSBC Bank Middle East Limited"
