"Plate No.","Plate Code","Plate Source Emirates","Chasis No.",Colour,"Car Make",Images,Address,Status,"Sub Status","Agent Name"
12/34652,6,"ABU DHABI",JL1PJ4G4DJ12,BLACK,Hyundai,201810221527021540202219994.jpg,pune,"In Progress","Waiting for bank confirmation",priyanka
11111,24,Dubai,kkkkk2C32E8RL01,GREY,BMW,201810221525071540201990745.jpg,vashi,"In Progress","Waiting for bank confirmation",priyanka
50033,6,"ABU DHABI",ABC2C32E8RL37,silver,Dodge,"201810221520381540201799114.jpg,201810221520381540201809531.jpg",nerul,"In Progress","Waiting for bank confirmation",priyanka
60706,25,Dubai,ABC1234570005,RED,Lexus,-,"Abhi dhdabi",Success,"Car Collected",rakesh
60705,25,Dubai,ABC1234570004,RED,Toyota,-,,"In Progress","Waiting for bank confirmation",rakesh
60701,25,Dubai,ABC1234570000,RED,BMW,-,sharjah,Success,"Car Found",rakesh
60701,25,Dubai,ABC1234570000,RED,BMW,201810221435301540199090220.jpg,,"In Progress","Waiting for bank confirmation",rakesh
60703,25,Dubai,ABC1234570002,RED,Hyundai,-,"the address",Success,"Car Collected",rakesh
80702,60,Dubai,ABC1234570001,blue,Toyota,"201810221432071540198863400.jpg,201810221432071540198877172.jpg,201810221432071540198886469.jpg","the home",Success,"Car Collected",rakesh
80701,45,Dubai,ABC1234570000,blue,BMW,201810221428541540198693931.jpg,"the village ","In Progress","Waiting for bank confirmation",rakesh
80705,60,Dubai,ABC1234570004,blue,Toyota,-,"tools bbhgxcbkk",Success,"Car Collected",Raj
70907,60,Dubai,ABC1234570006,blue,Toyota,-,"so eh Hyde","In Progress","Waiting for bank confirmation",Raj
80704,60,Dubai,ABC1234570003,blue,Ford,201810221424101540198449133.jpg,hgddfvbjjfccvvbjjn,Rejected,"Car Not Found",Raj
60703,25,Dubai,ABC1234570002,RED,Hyundai,-,"Arabian ranches",Rejected,"Car Not Found",Raj
60701,25,Dubai,ABC1234570000,RED,BMW,"201810221415551540197941454.jpg,201810221415561540197953779.jpg",,"In Progress","Waiting for bank confirmation",Raj
80701,45,Dubai,ABC1234570000,blue,BMW,-,,"In Progress","Waiting for bank confirmation",Raj
70901,60,Dubai,ABC1234570000,blue,BMW,-,,"In Progress","Waiting for bank confirmation",Raj
80701,45,Dubai,ABC1234570000,blue,BMW,"201810221410361540197615009.jpg,201810221410361540197627171.jpg",,"In Progress","Waiting for bank confirmation",Raj
