"Plate No.","Plate Code","Plate Source Emirates",Status,"Sub Status","Agent Name"
20008,0,Sharjah,"In Progress","Waiting for bank confirmation",-
20011,0,"Ras Al Khaimah","In Progress","Waiting for bank confirmation",pradeep
20015,0,"ABU DHABI","In Progress","Waiting for bank confirmation",sumit1
20002,47,Dubai,"In Progress","Waiting for bank confirmation",sumit1
20004,47,Dubai,"In Progress","Waiting for bank confirmation","kundan kumar"
20005,47,Dubai,"In Progress","Waiting for bank confirmation",sumit1
20006,47,Dubai,"In Progress","Waiting for bank confirmation",sumit1
