"Plate No.","Plate Code",Emirates,"Engine No.","Chasis No.",Colour,Make,Model,Bank
60701,B,Dubai,12345701,ABC1234570000,RED,BMW,SUV,"Bank Meli Iran"
60702,B,Dubai,12345702,ABC1234570001,RED,TOYOTA,"2.5L SUV","Bank Meli Iran"
60703,B,Dubai,12345703,ABC1234570002,RED,HYUNDAI,I20,"Bank Meli Iran"
60704,B,Dubai,12345704,ABC1234570003,RED,FORD,RANGER,"Bank Meli Iran"
60705,B,Dubai,12345705,ABC1234570004,RED,TOYOTA,HIACE,"Bank Meli Iran"
60706,B,Dubai,12345706,ABC1234570005,RED,LEXUS,3.5L,"Bank Meli Iran"
60707,B,Dubai,12345707,ABC1234570006,RED,TOYOTA,COASTER,"Bank Meli Iran"
60708,B,Dubai,12345708,ABC1234570007,RED,BMW,SUV,"Bank Meli Iran"
60709,B,Dubai,12345709,ABC1234570008,RED,TOYOTA,"2.5L SUV","Bank Meli Iran"
60710,B,Dubai,12345710,ABC1234570009,RED,HYUNDAI,I20,"Bank Meli Iran"
60711,B,Dubai,12345711,ABC1234570010,RED,FORD,RANGER,"Bank Meli Iran"
60712,B,Dubai,12345712,ABC1234570011,RED,TOYOTA,HIACE,"Bank Meli Iran"
60713,B,Dubai,12345713,ABC1234570012,RED,LEXUS,3.5L,"Bank Meli Iran"
60714,B,Dubai,12345714,ABC1234570013,RED,TOYOTA,COASTER,"Bank Meli Iran"
60715,B,Dubai,12345715,ABC1234570014,RED,FORD,RANGER,"Bank Meli Iran"
60716,B,Dubai,12345716,ABC1234570015,RED,TOYOTA,HIACE,"Bank Meli Iran"
60717,B,Sharjah,12345717,ABC1234570016,RED,DODGE,"5.7L V8","Bank Meli Iran"
60718,B,Sharjah,12345718,ABC1234570017,RED,AUDI,"3.2L FSI","Bank Meli Iran"
60719,B,Sharjah,12345719,ABC1234570018,RED,TOYOTA,"4.5L SUV","Bank Meli Iran"
60720,B,Sharjah,12345720,ABC1234570019,RED,TOYOTA,HIACE,"Bank Meli Iran"
60721,B,Sharjah,12345721,ABC1234570020,RED,LEXUS,3.5L,"Bank Meli Iran"
60722,B,Sharjah,12345722,ABC1234570021,RED,TOYOTA,COASTER,"Bank Meli Iran"
60723,B,Sharjah,12345723,ABC1234570022,RED,FORD,RANGER,"Bank Meli Iran"
60724,B,Sharjah,12345724,ABC1234570023,RED,TOYOTA,HIACE,"Bank Meli Iran"
60725,B,Sharjah,12345725,ABC1234570024,RED,DODGE,"5.7L V8","Bank Meli Iran"
60726,B,"Ras Al Khaimah",12345726,ABC1234570025,RED,AUDI,"3.2L FSI","Bank Meli Iran"
60727,B,"Ras Al Khaimah",12345727,ABC1234570026,RED,TOYOTA,"4.5L SUV","Bank Meli Iran"
60728,B,"Ras Al Khaimah",12345728,ABC1234570027,RED,MITSUBISHI,"PICK UPS","Bank Meli Iran"
60729,B,"ABU DHABI",12345729,ABC1234570028,RED,CHERVOLET,CAMARO,"Bank Meli Iran"
60730,B,"ABU DHABI",12345730,ABC1234570029,RED,HYUNDAI,I20,"Bank Meli Iran"
60731,B,"ABU DHABI",12345731,ABC1234570030,RED,"4 x 2",TATA,"Bank Meli Iran"
60732,B,"ABU DHABI",12345732,ABC1234570031,RED,TOYOTA,HIACE,"Bank Meli Iran"
60733,B,"ABU DHABI",12345733,ABC1234570032,RED,DODGE,"5.7L V8","Bank Meli Iran"
60734,B,"ABU DHABI",12345734,ABC1234570033,RED,AUDI,"3.2L FSI","Bank Meli Iran"
60735,B,"ABU DHABI",12345735,ABC1234570034,RED,TOYOTA,"4.5L SUV","Bank Meli Iran"
60736,B,"ABU DHABI",12345736,ABC1234570035,RED,MITSUBISHI,"PICK UPS","Bank Meli Iran"
60737,B,"ABU DHABI",12345737,ABC1234570036,RED,CHERVOLET,CAMARO,"Bank Meli Iran"
60738,B,"ABU DHABI",12345738,ABC1234570037,RED,HYUNDAI,I20,"Bank Meli Iran"
60739,B,"ABU DHABI",12345739,ABC1234570038,RED,"4 x 2",TATA,"Bank Meli Iran"
