"Plate No.","Plate Code",Emirates,"Engine No.","Chasis No.",Colour,Make,Model,Bank
80701,P,Dubai,12345701,ABC1234570000,blue,BMW,SUV,"Dubai First"
80702,z,Dubai,12345702,ABC1234570001,blue,TOYOTA,"2.5L SUV","Dubai First"
80703,z,Dubai,12345703,ABC1234570002,blue,HYUNDAI,I20,"Dubai First"
80704,z,Dubai,12345704,ABC1234570003,blue,FORD,RANGER,"Dubai First"
80705,z,Dubai,12345705,ABC1234570004,blue,TOYOTA,HIACE,"Dubai First"
80706,z,Dubai,12345706,ABC1234570005,blue,LEXUS,3.5L,"Dubai First"
80707,z,Dubai,12345707,ABC1234570006,blue,TOYOTA,COASTER,"Dubai First"
80708,z,Dubai,12345708,ABC1234570007,blue,BMW,SUV,"Dubai First"
80709,z,Dubai,12345709,ABC1234570008,blue,TOYOTA,"2.5L SUV","Dubai First"
80710,z,Dubai,12345710,ABC1234570009,blue,HYUNDAI,I20,"Dubai First"
80711,z,Dubai,12345711,ABC1234570010,blue,FORD,RANGER,"Dubai First"
80712,z,Dubai,12345712,ABC1234570011,blue,TOYOTA,HIACE,"Dubai First"
80713,z,Dubai,12345713,ABC1234570012,blue,LEXUS,3.5L,"Dubai First"
80714,z,Dubai,12345714,ABC1234570013,blue,TOYOTA,COASTER,"Dubai First"
80715,z,Dubai,12345715,ABC1234570014,blue,FORD,RANGER,"Dubai First"
80716,z,Dubai,12345716,ABC1234570015,blue,TOYOTA,HIACE,"Dubai First"
80717,z,Sharjah,12345717,ABC1234570016,blue,DODGE,"5.7L V8","Dubai First"
80718,z,Sharjah,12345718,ABC1234570017,yellow,AUDI,"3.2L FSI","Dubai First"
80719,z,Sharjah,12345719,ABC1234570018,yellow,TOYOTA,"4.5L SUV","Dubai First"
80720,z,Sharjah,12345720,ABC1234570019,blue,TOYOTA,HIACE,"Dubai First"
80721,z,Sharjah,12345721,ABC1234570020,yellow,LEXUS,3.5L,"Dubai First"
80722,z,Sharjah,12345722,ABC1234570021,yellow,TOYOTA,COASTER,"Dubai First"
80723,z,Sharjah,12345723,ABC1234570022,blue,FORD,RANGER,"Dubai First"
80724,z,Sharjah,12345724,ABC1234570023,yellow,TOYOTA,HIACE,"Dubai First"
80725,z,Sharjah,12345725,ABC1234570024,yellow,DODGE,"5.7L V8","Dubai First"
80726,z,"Ras Al Khaimah",12345726,ABC1234570025,yellow,AUDI,"3.2L FSI","Dubai First"
80727,z,"Ras Al Khaimah",12345727,ABC1234570026,yellow,TOYOTA,"4.5L SUV","Dubai First"
80728,z,"Ras Al Khaimah",12345728,ABC1234570027,silver,MITSUBISHI,"PICK UPS","Dubai First"
80729,z,"ABU DHABI",12345729,ABC1234570028,silver,CHERVOLET,CAMARO,"Dubai First"
80730,z,"ABU DHABI",12345730,ABC1234570029,silver,HYUNDAI,I20,"Dubai First"
80731,z,"ABU DHABI",12345731,ABC1234570030,silver,"4 x 2",TATA,"Dubai First"
80732,z,"ABU DHABI",12345732,ABC1234570031,silver,TOYOTA,HIACE,"Dubai First"
80733,z,"ABU DHABI",12345733,ABC1234570032,silver,DODGE,"5.7L V8","Dubai First"
80734,z,"ABU DHABI",12345734,ABC1234570033,silver,AUDI,"3.2L FSI","Dubai First"
80735,z,"ABU DHABI",12345735,ABC1234570034,silver,TOYOTA,"4.5L SUV","Dubai First"
80736,z,"ABU DHABI",12345736,ABC1234570035,silver,MITSUBISHI,"PICK UPS","Dubai First"
80737,z,"ABU DHABI",12345737,ABC1234570036,silver,CHERVOLET,CAMARO,"Dubai First"
80738,z,"ABU DHABI",12345738,ABC1234570037,silver,HYUNDAI,I20,"Dubai First"
80739,z,"ABU DHABI",12345739,ABC1234570038,silver,"4 x 2",TATA,"Dubai First"
