"Plate No.","Plate Code",Emirates,"Engine No.","Chasis No.",Colour,Make,Model,Bank
36,1,"Ras Al Khaimah",12345612,ABC2C32E8RL31,yellow,TOYOTA,"4.5L SUV","Doha Bank"
37,1,"Ras Al Khaimah",12345613,ABC2C32E8RL32,silver,MITSUBISHI,"PICK UPS","Doha Bank"
38,3,"ABU DHABI",12345614,ABC2C32E8RL33,silver,CHERVOLET,CAMARO,"Doha Bank"
39,3,"ABU DHABI",12345615,ABC2C32E8RL34,silver,HYUNDAI,I20,"BMW Albatha Finance"
40,3,"ABU DHABI",12345616,ABC2C32E8RL35,silver,"4 x 2",TATA,"Doha Bank"
41,4,"ABU DHABI",12345617,ABC2C32E8RL36,silver,TOYOTA,HIACE,"Abu Dhabi Commercial Islamic Finance Company"
42,4,"ABU DHABI",12345618,ABC2C32E8RL37,silver,DODGE,"5.7L V8","Doha Bank"
43,4,"ABU DHABI",12345619,ABC2C32E8RL38,silver,AUDI,"3.2L FSI","AMEX ( Middle East (B.S.C)"
44,5,"ABU DHABI",12345620,ABC2C32E8RL39,silver,TOYOTA,"4.5L SUV","Doha Bank"
45,1,"ABU DHABI",12345621,ABC2C32E8RL40,silver,MITSUBISHI,"PICK UPS","Doha Bank"
46,1,"ABU DHABI",12345622,ABC2C32E8RL41,silver,CHERVOLET,CAMARO,"Doha Bank"
47,1,"ABU DHABI",12345623,ABC2C32E8RL42,silver,HYUNDAI,I20,"Doha Bank"
48,1,"ABU DHABI",12345624,ABC2C32E8RL43,silver,"4 x 2",TATA,"Siraj Finance Company"
