"Plate No.","Plate Code",Emirates,"Engine No.","Chasis No.",Colour,Make,Model,Bank
S83243,A,Dubai,12564320,LCR2C32E8RL01,GREY,BMW,SUV,"Doha Bank"
Q32123,1,Sharjah,1NP8790231,MP2PW7G38J10,"PEARL WHITE",TOYOTA,"2.5L SUV","Doha Bank"
12/34652,4,"ABU DHABI",3787901KJ,JL1PJ4G4DJ12,BLACK,HYUNDAI,I20,"Doha Bank"
A98872,A,"Ras Al Khaimah",F3GACD096741,NABCL50NK23,SILVER,FORD,RANGER,"Doha Bank"
9806,B,Dubai,A3423421,JTNUM09H8E703,WHITE,TOYOTA,HIACE,"Doha Bank"
B32123,A,"Umm Al Quwain",472187SA,PL1KJ4C30PK32,WHITE,LEXUS,3.5L,"Doha Bank"
45632,2,Sharjah,P0089720,NITKP22O3E900,BLUE,TOYOTA,COASTER,"Doha Bank"
37652,Orange,Sharjah,8904325,NFJUTIT64F190,WHITE,DODGE,"5.7L V8","Doha Bank"
G76532,C,Dubai,GCR678098,HINOESTH50BO,BLACK,AUDI,"3.2L FSI","Doha Bank"
H34562,D,Dubai,1RT34527682,KR0QX22G7S142,"PEARL WHITE",TOYOTA,"4.5L SUV","Doha Bank"
87983,E,Dubai,4D24G50066,KJ6DRE8JIKC35,SILVER,NISSAN,"1.8L HAT","Doha Bank"
D/87872,B,"Ras Al Khaimah",7839992,NR3CE9F44SS5,WHITE,MITSUBISHI,"PICK UPS","Doha Bank"
"34874 K",F,Dubai,3XB3765892,NR3CE9F45SS6,WHITE,MITSUBISHI,"PICK UPS","Doha Bank"
"N 67452",G,Dubai,NONE,3D3R84F43R873,BLACK,CHERVOLET,CAMARO,"Doha Bank"
67354,5,"ABU DHABI",G4CNDU43567,NAKHU52V7GN5,GOLDEN,HYUNDAI,I20,"Doha Bank"
2/47561,H,Dubai,H357867,NTJUTF478,WHITE,"4 x 2",TATA,"Doha Bank"
1234,O,Dubai,3XB3765793,ntjuft875,Grey,HYUNDAI,I20,"Doha Bank"
3421,B,"ABU DHABI",3XB37675493,NTJFUT478,WHITE,CHERVOLET,CAMARO,"Doha Bank"
4564,A,Dubai,H357867234,NAKHT35V7GN5,BLACK,HYUNDAI,I20,"Doha Bank"
