"Plate No.","Plate Code",Emirates,"Engine No.","Chasis No.",Colour,Make,Model,Bank
72001,A,Dubai,12345701,ABC1234560001,RED,BMW,SUV,"Arab Test Bank plc"
72002,A,Dubai,12345702,ABC1234560002,RED,TOYOTA,"2.5L SUV","Arab Test Bank plc"
72003,A,Dubai,12345703,ABC1234560003,RED,HYUNDAI,I20,"Arab Test Bank plc"
72004,A,Dubai,12345704,ABC1234560004,RED,FORD,RANGER,"Arab Test Bank plc"
72005,A,Dubai,12345705,ABC1234560005,RED,TOYOTA,HIACE,"Arab Test Bank plc"
72006,A,Dubai,12345706,ABC1234560006,RED,LEXUS,3.5L,"Arab Test Bank plc"
72007,A,Dubai,12345707,ABC1234560007,RED,TOYOTA,COASTER,"Arab Test Bank plc"
72008,A,Dubai,12345708,ABC1234560008,RED,BMW,SUV,"Arab Test Bank plc"
72009,A,Dubai,12345709,ABC1234560009,RED,TOYOTA,"2.5L SUV","Arab Test Bank plc"
72010,A,Dubai,12345710,ABC1234560010,RED,HYUNDAI,I20,"Arab Test Bank plc"
72011,A,Dubai,12345711,ABC1234560011,RED,FORD,RANGER,"Arab Test Bank plc"
72012,A,Dubai,12345712,ABC1234560012,RED,TOYOTA,HIACE,"Arab Test Bank plc"
72013,A,Dubai,12345713,ABC1234560013,RED,LEXUS,3.5L,"Arab Test Bank plc"
72014,A,Dubai,12345714,ABC1234560014,RED,TOYOTA,COASTER,"Arab Test Bank plc"
72015,A,Dubai,12345715,ABC1234560015,RED,FORD,RANGER,"Arab Test Bank plc"
72016,A,Dubai,12345716,ABC1234560016,RED,TOYOTA,HIACE,"Arab Test Bank plc"
72017,A,Sharjah,12345717,ABC1234560017,RED,DODGE,"5.7L V8","Arab Test Bank plc"
72018,A,Sharjah,12345718,ABC1234560018,RED,AUDI,"3.2L FSI","Arab Test Bank plc"
72019,A,Sharjah,12345719,ABC1234560019,RED,TOYOTA,"4.5L SUV","Arab Test Bank plc"
72020,A,Sharjah,12345720,ABC1234560020,RED,TOYOTA,HIACE,"Arab Test Bank plc"
72021,A,Sharjah,12345721,ABC1234560021,RED,LEXUS,3.5L,"Arab Test Bank plc"
72022,A,Sharjah,12345722,ABC1234560022,RED,TOYOTA,COASTER,"Arab Test Bank plc"
72023,A,Sharjah,12345723,ABC1234560023,RED,FORD,RANGER,"Arab Test Bank plc"
72024,A,Sharjah,12345724,ABC1234560024,RED,TOYOTA,HIACE,"Arab Test Bank plc"
72025,A,Sharjah,12345725,ABC1234560025,RED,DODGE,"5.7L V8","Arab Test Bank plc"
72026,A,"Ras Al Khaimah",12345726,ABC1234560026,RED,AUDI,"3.2L FSI","Arab Test Bank plc"
72027,A,"Ras Al Khaimah",12345727,ABC1234560027,RED,TOYOTA,"4.5L SUV","Arab Test Bank plc"
72028,A,"Ras Al Khaimah",12345728,ABC1234560028,RED,MITSUBISHI,"PICK UPS","Arab Test Bank plc"
72029,A,"ABU DHABI",12345729,ABC1234560029,RED,CHERVOLET,CAMARO,"Arab Test Bank plc"
72030,A,"ABU DHABI",12345730,ABC1234560030,RED,HYUNDAI,I20,"Arab Test Bank plc"
72031,A,"ABU DHABI",12345731,ABC1234560031,RED,"4 x 2",TATA,"Arab Test Bank plc"
72032,A,"ABU DHABI",12345732,ABC1234560032,RED,TOYOTA,HIACE,"Arab Test Bank plc"
72033,A,"ABU DHABI",12345733,ABC1234560033,RED,DODGE,"5.7L V8","Arab Test Bank plc"
72034,1,"ABU DHABI",12345734,ABC1234560034,RED,AUDI,"3.2L FSI","Arab Test Bank plc"
72035,2,"ABU DHABI",12345735,ABC1234560035,RED,TOYOTA,"4.5L SUV","Arab Test Bank plc"
72036,3,"ABU DHABI",12345736,ABC1234560036,RED,MITSUBISHI,"PICK UPS","Arab Test Bank plc"
72037,4,"ABU DHABI",12345737,ABC1234560037,RED,CHERVOLET,CAMARO,"Arab Test Bank plc"
72038,A,"ABU DHABI",12345738,ABC1234560038,RED,HYUNDAI,I20,"Arab Test Bank plc"
72039,A,"ABU DHABI",12345739,ABC1234560039,RED,"4 x 2",TATA,"Arab Test Bank plc"
