"Plate No.","Plate Code",Emirates,"Engine No.","Chasis No.",Colour,Make,Model,Bank
70201,c,Dubai,12345601,ABC2C32E8RL20,blue,BMW,SUV,Mashreqbank
70202,c,Dubai,12345602,ABC2C32E8RL21,blue,TOYOTA,"2.5L SUV",Mashreqbank
70203,c,Dubai,12345603,ABC2C32E8RL22,blue,HYUNDAI,I20,Mashreqbank
70204,c,Dubai,12345604,ABC2C32E8RL23,blue,FORD,RANGER,Mashreqbank
70205,c,Dubai,12345605,ABC2C32E8RL24,blue,TOYOTA,HIACE,Mashreqbank
70206,c,Dubai,12345606,ABC2C32E8RL25,blue,LEXUS,3.5L,Mashreqbank
70207,c,Dubai,12345607,ABC2C32E8RL26,blue,TOYOTA,COASTER,Mashreqbank
70208,c,Dubai,12345608,ABC2C32E8RL27,blue,BMW,SUV,Mashreqbank
70209,c,Dubai,12345609,ABC2C32E8RL28,blue,TOYOTA,"2.5L SUV",Mashreqbank
70210,c,Dubai,12345610,ABC2C32E8RL29,blue,HYUNDAI,I20,Mashreqbank
70211,c,Dubai,12345611,ABC2C32E8RL30,blue,FORD,RANGER,Mashreqbank
70212,c,Dubai,12345612,ABC2C32E8RL31,blue,TOYOTA,HIACE,Mashreqbank
70213,c,Dubai,12345613,ABC2C32E8RL32,blue,LEXUS,3.5L,Mashreqbank
70214,c,Dubai,12345614,ABC2C32E8RL33,blue,TOYOTA,COASTER,Mashreqbank
70215,c,Dubai,12345615,ABC2C32E8RL34,blue,FORD,RANGER,Mashreqbank
70216,c,Dubai,12345616,ABC2C32E8RL35,blue,TOYOTA,HIACE,Mashreqbank
70217,c,Sharjah,12345608,ABC2C32E8RL27,blue,DODGE,"5.7L V8",Mashreqbank
70218,c,Sharjah,12345609,ABC2C32E8RL28,yellow,AUDI,"3.2L FSI",Mashreqbank
70219,c,Sharjah,12345610,ABC2C32E8RL29,yellow,TOYOTA,"4.5L SUV",Mashreqbank
70220,c,Sharjah,12345611,ABC2C32E8RL30,blue,TOYOTA,HIACE,Mashreqbank
70221,c,Sharjah,12345612,ABC2C32E8RL31,yellow,LEXUS,3.5L,Mashreqbank
70222,c,Sharjah,12345613,ABC2C32E8RL32,yellow,TOYOTA,COASTER,Mashreqbank
70223,c,Sharjah,12345614,ABC2C32E8RL33,blue,FORD,RANGER,Mashreqbank
70224,c,Sharjah,12345615,ABC2C32E8RL34,yellow,TOYOTA,HIACE,Mashreqbank
70225,c,Sharjah,12345616,ABC2C32E8RL35,yellow,DODGE,"5.7L V8",Mashreqbank
70226,c,"Ras Al Khaimah",12345611,ABC2C32E8RL30,yellow,AUDI,"3.2L FSI",Mashreqbank
70227,c,"Ras Al Khaimah",12345612,ABC2C32E8RL31,yellow,TOYOTA,"4.5L SUV",Mashreqbank
70228,c,"Ras Al Khaimah",12345613,ABC2C32E8RL32,silver,MITSUBISHI,"PICK UPS",Mashreqbank
70229,c,"ABU DHABI",12345614,ABC2C32E8RL33,silver,CHERVOLET,CAMARO,Mashreqbank
70230,c,"ABU DHABI",12345615,ABC2C32E8RL34,silver,HYUNDAI,I20,Mashreqbank
70231,c,"ABU DHABI",12345616,ABC2C32E8RL35,silver,"4 x 2",TATA,Mashreqbank
70232,c,"ABU DHABI",12345617,ABC2C32E8RL36,silver,TOYOTA,HIACE,Mashreqbank
70233,c,"ABU DHABI",12345618,ABC2C32E8RL37,silver,DODGE,"5.7L V8",Mashreqbank
70234,c,"ABU DHABI",12345619,ABC2C32E8RL38,silver,AUDI,"3.2L FSI",Mashreqbank
70235,c,"ABU DHABI",12345620,ABC2C32E8RL39,silver,TOYOTA,"4.5L SUV",Mashreqbank
70236,c,"ABU DHABI",12345621,ABC2C32E8RL40,silver,MITSUBISHI,"PICK UPS",Mashreqbank
70237,c,"ABU DHABI",12345622,ABC2C32E8RL41,silver,CHERVOLET,CAMARO,Mashreqbank
70238,c,"ABU DHABI",12345623,ABC2C32E8RL42,silver,HYUNDAI,I20,Mashreqbank
70239,c,"ABU DHABI",12345624,ABC2C32E8RL43,silver,"4 x 2",TATA,Mashreqbank
