"Plate No.","Plate Code",Emirates,"Engine No.","Chasis No.",Colour,Make,Model,Bank
50001,T,Dubai,12345601,ABC2C32E8RL20,blue,BMW,SUV,hsbc
50002,T,Dubai,12345602,ABC2C32E8RL21,blue,TOYOTA,"2.5L SUV",hsbc
50003,T,Dubai,12345603,ABC2C32E8RL22,blue,HYUNDAI,I20,hsbc
50004,T,Dubai,12345604,ABC2C32E8RL23,blue,FORD,RANGER,hsbc
50005,T,Dubai,12345605,ABC2C32E8RL24,blue,TOYOTA,HIACE,hsbc
50006,T,Dubai,12345606,ABC2C32E8RL25,blue,LEXUS,3.5L,hsbc
50007,T,Dubai,12345607,ABC2C32E8RL26,blue,TOYOTA,COASTER,hsbc
50008,T,Dubai,12345608,ABC2C32E8RL27,blue,BMW,SUV,hsbc
50009,T,Dubai,12345609,ABC2C32E8RL28,blue,TOYOTA,"2.5L SUV",hsbc
50010,T,Dubai,12345610,ABC2C32E8RL29,blue,HYUNDAI,I20,hsbc
50011,T,Dubai,12345611,ABC2C32E8RL30,blue,FORD,RANGER,hsbc
50012,T,Dubai,12345612,ABC2C32E8RL31,blue,TOYOTA,HIACE,hsbc
50013,T,Dubai,12345613,ABC2C32E8RL32,blue,LEXUS,3.5L,hsbc
50014,T,Dubai,12345614,ABC2C32E8RL33,blue,TOYOTA,COASTER,hsbc
50015,T,Dubai,12345615,ABC2C32E8RL34,blue,FORD,RANGER,hsbc
50016,T,Dubai,12345616,ABC2C32E8RL35,blue,TOYOTA,HIACE,hsbc
50017,1,Sharjah,12345608,ABC2C32E8RL27,blue,DODGE,"5.7L V8",hsbc
50018,1,Sharjah,12345609,ABC2C32E8RL28,yellow,AUDI,"3.2L FSI",hsbc
50019,2,Sharjah,12345610,ABC2C32E8RL29,yellow,TOYOTA,"4.5L SUV",hsbc
50020,2,Sharjah,12345611,ABC2C32E8RL30,blue,TOYOTA,HIACE,hsbc
50021,1,Sharjah,12345612,ABC2C32E8RL31,yellow,LEXUS,3.5L,hsbc
50022,2,Sharjah,12345613,ABC2C32E8RL32,yellow,TOYOTA,COASTER,hsbc
50023,3,Sharjah,12345614,ABC2C32E8RL33,blue,FORD,RANGER,hsbc
50024,2,Sharjah,12345615,ABC2C32E8RL34,yellow,TOYOTA,HIACE,hsbc
50025,1,Sharjah,12345616,ABC2C32E8RL35,yellow,DODGE,"5.7L V8",hsbc
50026,1,"Ras Al Khaimah",12345611,ABC2C32E8RL30,yellow,AUDI,"3.2L FSI",hsbc
50027,1,"Ras Al Khaimah",12345612,ABC2C32E8RL31,yellow,TOYOTA,"4.5L SUV",hsbc
50028,1,"Ras Al Khaimah",12345613,ABC2C32E8RL32,silver,MITSUBISHI,"PICK UPS",hsbc
50029,3,"ABU DHABI",12345614,ABC2C32E8RL33,silver,CHERVOLET,CAMARO,hsbc
50030,3,"ABU DHABI",12345615,ABC2C32E8RL34,silver,HYUNDAI,I20,hsbc
50031,3,"ABU DHABI",12345616,ABC2C32E8RL35,silver,"4 x 2",TATA,hsbc
50032,4,"ABU DHABI",12345617,ABC2C32E8RL36,silver,TOYOTA,HIACE,hsbc
50033,4,"ABU DHABI",12345618,ABC2C32E8RL37,silver,DODGE,"5.7L V8",hsbc
50034,4,"ABU DHABI",12345619,ABC2C32E8RL38,silver,AUDI,"3.2L FSI",hsbc
50035,5,"ABU DHABI",12345620,ABC2C32E8RL39,silver,TOYOTA,"4.5L SUV",hsbc
50036,1,"ABU DHABI",12345621,ABC2C32E8RL40,silver,MITSUBISHI,"PICK UPS",hsbc
50037,1,"ABU DHABI",12345622,ABC2C32E8RL41,silver,CHERVOLET,CAMARO,hsbc
50038,1,"ABU DHABI",12345623,ABC2C32E8RL42,silver,HYUNDAI,I20,hsbc
50039,1,"ABU DHABI",12345624,ABC2C32E8RL43,silver,"4 x 2",TATA,hsbc
