"Plate No.","Plate Code",Emirates,"Engine No.","Chasis No.",Colour,Make,Model,Bank
30201,s,Dubai,12345701,ABC1234570070,RED,BMW,SUV,"Habib Bank"
30202,s,Dubai,12345702,ABC1234570071,RED,TOYOTA,"2.5L SUV","Habib Bank"
30203,s,Dubai,12345703,ABC1234570072,RED,HYUNDAI,I20,"Habib Bank"
30204,s,Dubai,12345704,ABC1234570073,RED,FORD,RANGER,"Habib Bank"
30205,s,Dubai,12345705,ABC1234570074,RED,TOYOTA,HIACE,"Habib Bank"
30206,s,Dubai,12345706,ABC1234570075,RED,LEXUS,3.5L,"Habib Bank"
30207,s,Dubai,12345707,ABC1234570076,RED,TOYOTA,COASTER,"Habib Bank"
30208,s,Dubai,12345708,ABC1234570077,RED,BMW,SUV,"Habib Bank"
30209,s,Dubai,12345709,ABC1234570078,RED,TOYOTA,"2.5L SUV","Habib Bank"
30210,s,Dubai,12345710,ABC1234570079,RED,HYUNDAI,I20,"Habib Bank"
30211,s,Dubai,12345711,ABC1234570080,RED,FORD,RANGER,"Habib Bank"
30212,s,Dubai,12345712,ABC1234570081,RED,TOYOTA,HIACE,"Habib Bank"
30213,s,Dubai,12345713,ABC1234570082,RED,LEXUS,3.5L,"Habib Bank"
30214,s,Dubai,12345714,ABC1234570083,RED,TOYOTA,COASTER,"Habib Bank"
30215,s,Dubai,12345715,ABC1234570084,RED,FORD,RANGER,"Habib Bank"
30216,s,Dubai,12345716,ABC1234570085,RED,TOYOTA,HIACE,"Habib Bank"
30217,s,Sharjah,12345717,ABC1234570086,RED,DODGE,"5.7L V8","Habib Bank"
30218,s,Sharjah,12345718,ABC1234570087,RED,AUDI,"3.2L FSI","Habib Bank"
30219,s,Sharjah,12345719,ABC1234570088,RED,TOYOTA,"4.5L SUV","Habib Bank"
30220,s,Sharjah,12345720,ABC1234570089,RED,TOYOTA,HIACE,"Habib Bank"
30221,s,Sharjah,12345721,ABC1234570090,RED,LEXUS,3.5L,"Habib Bank"
30222,s,Sharjah,12345722,ABC1234570091,RED,TOYOTA,COASTER,"Habib Bank"
30223,s,Sharjah,12345723,ABC1234570092,RED,FORD,RANGER,"Habib Bank"
30224,s,Sharjah,12345724,ABC1234570093,RED,TOYOTA,HIACE,"Habib Bank"
30225,s,Sharjah,12345725,ABC1234570094,RED,DODGE,"5.7L V8","Habib Bank"
30226,s,"Ras Al Khaimah",12345726,ABC1234570095,RED,AUDI,"3.2L FSI","Habib Bank"
30227,s,"Ras Al Khaimah",12345727,ABC1234570096,RED,TOYOTA,"4.5L SUV","Habib Bank"
30228,s,"Ras Al Khaimah",12345728,ABC1234570097,RED,MITSUBISHI,"PICK UPS","Habib Bank"
30229,s,"ABU DHABI",12345729,ABC1234570098,RED,CHERVOLET,CAMARO,"Habib Bank"
30230,s,"ABU DHABI",12345730,ABC1234570099,RED,HYUNDAI,I20,"Habib Bank"
30231,s,"ABU DHABI",12345731,ABC1234570100,RED,"4 x 2",TATA,"Habib Bank"
30232,s,"ABU DHABI",12345732,ABC1234570101,RED,TOYOTA,HIACE,"Habib Bank"
30233,s,"ABU DHABI",12345733,ABC1234570102,RED,DODGE,"5.7L V8","Habib Bank"
30234,s,"ABU DHABI",12345734,ABC1234570103,RED,AUDI,"3.2L FSI","Habib Bank"
30235,s,"ABU DHABI",12345735,ABC1234570104,RED,TOYOTA,"4.5L SUV","Habib Bank"
30236,s,"ABU DHABI",12345736,ABC1234570105,RED,MITSUBISHI,"PICK UPS","Habib Bank"
30237,s,"ABU DHABI",12345737,ABC1234570106,RED,CHERVOLET,CAMARO,"Habib Bank"
30238,s,"ABU DHABI",12345738,ABC1234570107,RED,HYUNDAI,I20,"Habib Bank"
30239,s,"ABU DHABI",12345739,ABC1234570108,RED,"4 x 2",TATA,"Habib Bank"
