"Plate No.","Plate Code",Emirates,"Engine No.","Chasis No.",Colour,Make,Model,Bank
50027,1,"Ras Al Khaimah",12345612,ABC2C32E8RL31,yellow,TOYOTA,"4.5L SUV","Doha Bank"
50028,1,"Ras Al Khaimah",12345613,ABC2C32E8RL32,silver,MITSUBISHI,"PICK UPS","Doha Bank"
50029,3,"ABU DHABI",12345614,ABC2C32E8RL33,silver,CHERVOLET,CAMARO,"Doha Bank"
50030,3,"ABU DHABI",12345615,ABC2C32E8RL34,silver,HYUNDAI,I20,"Doha Bank"
50031,3,"ABU DHABI",12345616,ABC2C32E8RL35,silver,"4 x 2",TATA,"Doha Bank"
50032,4,"ABU DHABI",12345617,ABC2C32E8RL36,silver,TOYOTA,HIACE,"Doha Bank"
50033,4,"ABU DHABI",12345618,ABC2C32E8RL37,silver,DODGE,"5.7L V8","Doha Bank"
50034,4,"ABU DHABI",12345619,ABC2C32E8RL38,silver,AUDI,"3.2L FSI","Doha Bank"
50035,5,"ABU DHABI",12345620,ABC2C32E8RL39,silver,TOYOTA,"4.5L SUV","Doha Bank"
50036,1,"ABU DHABI",12345621,ABC2C32E8RL40,silver,MITSUBISHI,"PICK UPS","Doha Bank"
50037,1,"ABU DHABI",12345622,ABC2C32E8RL41,silver,CHERVOLET,CAMARO,"Doha Bank"
50038,1,"ABU DHABI",12345623,ABC2C32E8RL42,silver,HYUNDAI,I20,"Doha Bank"
50039,1,"ABU DHABI",12345624,ABC2C32E8RL43,silver,"4 x 2",TATA,"Doha Bank"
