"Plate No.","Plate Code",Emirates,"Engine No.","Chasis No.",Colour,Make,Model,Bank
70001,A,Dubai,12345601,ABC2C32E8RL20,blue,BMW,SUV,"Bank of Baroda"
70002,A,Dubai,12345602,ABC2C32E8RL21,blue,TOYOTA,"2.5L SUV","Bank of Baroda"
70003,A,Dubai,12345603,ABC2C32E8RL22,blue,HYUNDAI,I20,"Bank of Baroda"
70004,A,Dubai,12345604,ABC2C32E8RL23,blue,FORD,RANGER,"Bank of Baroda"
70005,A,Dubai,12345605,ABC2C32E8RL24,blue,TOYOTA,HIACE,"Bank of Baroda"
70006,A,Dubai,12345606,ABC2C32E8RL25,blue,LEXUS,3.5L,"Bank of Baroda"
70007,A,Dubai,12345607,ABC2C32E8RL26,blue,TOYOTA,COASTER,"Bank of Baroda"
70008,A,Dubai,12345608,ABC2C32E8RL27,blue,BMW,SUV,"Bank of Baroda"
70009,A,Dubai,12345609,ABC2C32E8RL28,blue,TOYOTA,"2.5L SUV","Bank of Baroda"
70010,A,Dubai,12345610,ABC2C32E8RL29,blue,HYUNDAI,I20,"Bank of Baroda"
70011,A,Dubai,12345611,ABC2C32E8RL30,blue,FORD,RANGER,"Bank of Baroda"
70012,A,Dubai,12345612,ABC2C32E8RL31,blue,TOYOTA,HIACE,"Bank of Baroda"
70013,A,Dubai,12345613,ABC2C32E8RL32,blue,LEXUS,3.5L,"Bank of Baroda"
70014,A,Dubai,12345614,ABC2C32E8RL33,blue,TOYOTA,COASTER,"Bank of Baroda"
70015,A,Dubai,12345615,ABC2C32E8RL34,blue,FORD,RANGER,"Bank of Baroda"
70016,A,Dubai,12345616,ABC2C32E8RL35,blue,TOYOTA,HIACE,"Bank of Baroda"
70017,A,Sharjah,12345608,ABC2C32E8RL27,blue,DODGE,"5.7L V8","Bank of Baroda"
70018,A,Sharjah,12345609,ABC2C32E8RL28,yellow,AUDI,"3.2L FSI","Bank of Baroda"
70019,A,Sharjah,12345610,ABC2C32E8RL29,yellow,TOYOTA,"4.5L SUV","Bank of Baroda"
70020,A,Sharjah,12345611,ABC2C32E8RL30,blue,TOYOTA,HIACE,"Bank of Baroda"
70021,A,Sharjah,12345612,ABC2C32E8RL31,yellow,LEXUS,3.5L,"Bank of Baroda"
70022,A,Sharjah,12345613,ABC2C32E8RL32,yellow,TOYOTA,COASTER,"Bank of Baroda"
70023,A,Sharjah,12345614,ABC2C32E8RL33,blue,FORD,RANGER,"Bank of Baroda"
70024,A,Sharjah,12345615,ABC2C32E8RL34,yellow,TOYOTA,HIACE,"Bank of Baroda"
70025,A,Sharjah,12345616,ABC2C32E8RL35,yellow,DODGE,"5.7L V8","Bank of Baroda"
70026,A,"Ras Al Khaimah",12345611,ABC2C32E8RL30,yellow,AUDI,"3.2L FSI","Bank of Baroda"
70027,A,"Ras Al Khaimah",12345612,ABC2C32E8RL31,yellow,TOYOTA,"4.5L SUV","Bank of Baroda"
70028,A,"Ras Al Khaimah",12345613,ABC2C32E8RL32,silver,MITSUBISHI,"PICK UPS","Bank of Baroda"
70029,A,"ABU DHABI",12345614,ABC2C32E8RL33,silver,CHERVOLET,CAMARO,"Bank of Baroda"
70030,A,"ABU DHABI",12345615,ABC2C32E8RL34,silver,HYUNDAI,I20,"Bank of Baroda"
70031,A,"ABU DHABI",12345616,ABC2C32E8RL35,silver,"4 x 2",TATA,"Bank of Baroda"
70032,A,"ABU DHABI",12345617,ABC2C32E8RL36,silver,TOYOTA,HIACE,"Bank of Baroda"
70033,A,"ABU DHABI",12345618,ABC2C32E8RL37,silver,DODGE,"5.7L V8","Bank of Baroda"
70034,A,"ABU DHABI",12345619,ABC2C32E8RL38,silver,AUDI,"3.2L FSI","Bank of Baroda"
70035,A,"ABU DHABI",12345620,ABC2C32E8RL39,silver,TOYOTA,"4.5L SUV","Bank of Baroda"
70036,A,"ABU DHABI",12345621,ABC2C32E8RL40,silver,MITSUBISHI,"PICK UPS","Bank of Baroda"
70037,A,"ABU DHABI",12345622,ABC2C32E8RL41,silver,CHERVOLET,CAMARO,"Bank of Baroda"
70038,A,"ABU DHABI",12345623,ABC2C32E8RL42,silver,HYUNDAI,I20,"Bank of Baroda"
70039,A,"ABU DHABI",12345624,ABC2C32E8RL43,silver,"4 x 2",TATA,"Bank of Baroda"
