"Plate No.","Plate Code",Emirates,"Engine No.","Chasis No.",Colour,Make,Model,Bank
53301,Q,Dubai,12345701,ABC1234570501,RED,BMW,SUV,"Citibank UAE"
53302,Q,Dubai,12345702,ABC1234570502,RED,TOYOTA,"2.5L SUV","Citibank UAE"
53303,Q,Dubai,12345703,ABC1234570503,RED,HYUNDAI,I20,"Citibank UAE"
53304,Q,Dubai,12345704,ABC1234570504,RED,FORD,RANGER,"Citibank UAE"
53305,Q,Dubai,12345705,ABC1234570505,RED,TOYOTA,HIACE,"Citibank UAE"
53306,Q,Dubai,12345706,ABC1234570506,RED,LEXUS,3.5L,"Citibank UAE"
53307,Q,Dubai,12345707,ABC1234570507,RED,TOYOTA,COASTER,"Citibank UAE"
53308,Q,Dubai,12345708,ABC1234570508,RED,BMW,SUV,"Citibank UAE"
53309,Q,Dubai,12345709,ABC1234570509,RED,TOYOTA,"2.5L SUV","Citibank UAE"
53310,Q,Dubai,12345710,ABC1234570510,RED,HYUNDAI,I20,"Citibank UAE"
53311,Q,Dubai,12345711,ABC1234570511,RED,FORD,RANGER,"Citibank UAE"
53312,Q,Dubai,12345712,ABC1234570512,RED,TOYOTA,HIACE,"Citibank UAE"
53313,Q,Dubai,12345713,ABC1234570513,RED,LEXUS,3.5L,"Citibank UAE"
53314,Q,Dubai,12345714,ABC1234570514,RED,TOYOTA,COASTER,"Citibank UAE"
53315,Q,Dubai,12345715,ABC1234570515,RED,FORD,RANGER,"Citibank UAE"
53316,Q,Dubai,12345716,ABC1234570516,RED,TOYOTA,HIACE,"Citibank UAE"
53317,Q,Sharjah,12345717,ABC1234570517,RED,DODGE,"5.7L V8","Citibank UAE"
53318,Q,Sharjah,12345718,ABC1234570518,RED,AUDI,"3.2L FSI","Citibank UAE"
53319,Q,Sharjah,12345719,ABC1234570519,RED,TOYOTA,"4.5L SUV","Citibank UAE"
53320,Q,Sharjah,12345720,ABC1234570520,RED,TOYOTA,HIACE,"Citibank UAE"
53321,Q,Sharjah,12345721,ABC1234570521,RED,LEXUS,3.5L,"Citibank UAE"
53322,Q,Sharjah,12345722,ABC1234570522,RED,TOYOTA,COASTER,"Citibank UAE"
53323,Q,Sharjah,12345723,ABC1234570523,RED,FORD,RANGER,"Citibank UAE"
53324,Q,Sharjah,12345724,ABC1234570524,RED,TOYOTA,HIACE,"Citibank UAE"
53325,Q,Sharjah,12345725,ABC1234570525,RED,DODGE,"5.7L V8","Citibank UAE"
53326,Q,"Ras Al Khaimah",12345726,ABC1234570526,RED,AUDI,"3.2L FSI","Citibank UAE"
53327,Q,"Ras Al Khaimah",12345727,ABC1234570527,RED,TOYOTA,"4.5L SUV","Citibank UAE"
53328,Q,"Ras Al Khaimah",12345728,ABC1234570528,RED,MITSUBISHI,"PICK UPS","Citibank UAE"
53329,Q,"ABU DHABI",12345729,ABC1234570529,RED,CHERVOLET,CAMARO,"Citibank UAE"
53330,Q,"ABU DHABI",12345730,ABC1234570530,RED,HYUNDAI,I20,"Citibank UAE"
53331,Q,"ABU DHABI",12345731,ABC1234570531,RED,"4 x 2",TATA,"Citibank UAE"
53332,Q,"ABU DHABI",12345732,ABC1234570532,RED,TOYOTA,HIACE,"Citibank UAE"
53333,Q,"ABU DHABI",12345733,ABC1234570533,RED,DODGE,"5.7L V8","Citibank UAE"
53334,Q,"ABU DHABI",12345734,ABC1234570534,RED,AUDI,"3.2L FSI","Citibank UAE"
53335,Q,"ABU DHABI",12345735,ABC1234570535,RED,TOYOTA,"4.5L SUV","Citibank UAE"
53336,Q,"ABU DHABI",12345736,ABC1234570536,RED,MITSUBISHI,"PICK UPS","Citibank UAE"
53337,Q,"ABU DHABI",12345737,ABC1234570537,RED,CHERVOLET,CAMARO,"Citibank UAE"
53338,Q,"ABU DHABI",12345738,ABC1234570538,RED,HYUNDAI,I20,"Citibank UAE"
53339,Q,"ABU DHABI",12345739,ABC1234570539,RED,"4 x 2",TATA,"Citibank UAE"
