"Plate No.","Plate Code",Emirates,"Engine No.","Chasis No.",Colour,Make,Model,Bank
70301,F,Dubai,12345701,ABC1234560000,blue,BMW,SUV,"The Royal Bank of Scotland PLC"
70302,F,Dubai,12345702,ABC1234560001,blue,TOYOTA,"2.5L SUV","The Royal Bank of Scotland PLC"
70303,F,Dubai,12345703,ABC1234560002,blue,HYUNDAI,I20,"The Royal Bank of Scotland PLC"
70304,F,Dubai,12345704,ABC1234560003,blue,FORD,RANGER,"The Royal Bank of Scotland PLC"
70305,F,Dubai,12345705,ABC1234560004,blue,TOYOTA,HIACE,"The Royal Bank of Scotland PLC"
70306,F,Dubai,12345706,ABC1234560005,blue,LEXUS,3.5L,"The Royal Bank of Scotland PLC"
70307,F,Dubai,12345707,ABC1234560006,blue,TOYOTA,COASTER,"The Royal Bank of Scotland PLC"
70308,F,Dubai,12345708,ABC1234560007,blue,BMW,SUV,"The Royal Bank of Scotland PLC"
70309,F,Dubai,12345709,ABC1234560008,blue,TOYOTA,"2.5L SUV","The Royal Bank of Scotland PLC"
70310,F,Dubai,12345710,ABC1234560009,blue,HYUNDAI,I20,"The Royal Bank of Scotland PLC"
70311,F,Dubai,12345711,ABC1234560010,blue,FORD,RANGER,"The Royal Bank of Scotland PLC"
70312,F,Dubai,12345712,ABC1234560011,blue,TOYOTA,HIACE,"The Royal Bank of Scotland PLC"
70313,F,Dubai,12345713,ABC1234560012,blue,LEXUS,3.5L,"The Royal Bank of Scotland PLC"
70314,F,Dubai,12345714,ABC1234560013,blue,TOYOTA,COASTER,"The Royal Bank of Scotland PLC"
70315,F,Dubai,12345715,ABC1234560014,blue,FORD,RANGER,"The Royal Bank of Scotland PLC"
70316,F,Dubai,12345716,ABC1234560015,blue,TOYOTA,HIACE,"The Royal Bank of Scotland PLC"
70317,F,Sharjah,12345717,ABC1234560016,blue,DODGE,"5.7L V8","The Royal Bank of Scotland PLC"
70318,F,Sharjah,12345718,ABC1234560017,yellow,AUDI,"3.2L FSI","The Royal Bank of Scotland PLC"
70319,F,Sharjah,12345719,ABC1234560018,yellow,TOYOTA,"4.5L SUV","The Royal Bank of Scotland PLC"
70320,F,Sharjah,12345720,ABC1234560019,blue,TOYOTA,HIACE,"The Royal Bank of Scotland PLC"
70321,F,Sharjah,12345721,ABC1234560020,yellow,LEXUS,3.5L,"The Royal Bank of Scotland PLC"
70322,F,Sharjah,12345722,ABC1234560021,yellow,TOYOTA,COASTER,"The Royal Bank of Scotland PLC"
70323,F,Sharjah,12345723,ABC1234560022,blue,FORD,RANGER,"The Royal Bank of Scotland PLC"
70324,F,Sharjah,12345724,ABC1234560023,yellow,TOYOTA,HIACE,"The Royal Bank of Scotland PLC"
70325,F,Sharjah,12345725,ABC1234560024,yellow,DODGE,"5.7L V8","The Royal Bank of Scotland PLC"
70326,F,"Ras Al Khaimah",12345726,ABC1234560025,yellow,AUDI,"3.2L FSI","The Royal Bank of Scotland PLC"
70327,F,"Ras Al Khaimah",12345727,ABC1234560026,yellow,TOYOTA,"4.5L SUV","The Royal Bank of Scotland PLC"
70328,F,"Ras Al Khaimah",12345728,ABC1234560027,silver,MITSUBISHI,"PICK UPS","The Royal Bank of Scotland PLC"
70329,F,"ABU DHABI",12345729,ABC1234560028,silver,CHERVOLET,CAMARO,"The Royal Bank of Scotland PLC"
70330,F,"ABU DHABI",12345730,ABC1234560029,silver,HYUNDAI,I20,"The Royal Bank of Scotland PLC"
70331,F,"ABU DHABI",12345731,ABC1234560030,silver,"4 x 2",TATA,"The Royal Bank of Scotland PLC"
70332,F,"ABU DHABI",12345732,ABC1234560031,silver,TOYOTA,HIACE,"The Royal Bank of Scotland PLC"
70333,F,"ABU DHABI",12345733,ABC1234560032,silver,DODGE,"5.7L V8","The Royal Bank of Scotland PLC"
70334,F,"ABU DHABI",12345734,ABC1234560033,silver,AUDI,"3.2L FSI","The Royal Bank of Scotland PLC"
70335,F,"ABU DHABI",12345735,ABC1234560034,silver,TOYOTA,"4.5L SUV","The Royal Bank of Scotland PLC"
70336,F,"ABU DHABI",12345736,ABC1234560035,silver,MITSUBISHI,"PICK UPS","The Royal Bank of Scotland PLC"
70337,F,"ABU DHABI",12345737,ABC1234560036,silver,CHERVOLET,CAMARO,"The Royal Bank of Scotland PLC"
70338,F,"ABU DHABI",12345738,ABC1234560037,silver,HYUNDAI,I20,"The Royal Bank of Scotland PLC"
70339,F,"ABU DHABI",12345739,ABC1234560038,silver,"4 x 2",TATA,"The Royal Bank of Scotland PLC"
