"Created Date","Plate No","Plate Code",Emirates,"Engine No","Chasis No","Car Colour","Car Model","Car Make",Bank,Source,Status,"User Email"
"30-08-18 10:52 AM",4564,A,Dubai,H357867234,NAKHT35V7GN5,BLACK,I20,Hyundai,"Doha Bank",Mail,New,kundan@z-aksys.com
"30-08-18 10:52 AM",3421,_,"ABU DHABI",3XB37675493,NTJFUT478,WHITE,CAMARO,_,"Doha Bank",Mail,MakeNotAvailable,kundan@z-aksys.com
"30-08-18 10:52 AM",1234,O,Dubai,3XB3765793,ntjuft875,Grey,I20,Hyundai,"Doha Bank",Mail,New,kundan@z-aksys.com
"30-08-18 10:52 AM",2/47561,H,Dubai,H357867,NTJUTF478,WHITE,TATA,_,"Doha Bank",Mail,MakeNotAvailable,kundan@z-aksys.com
"30-08-18 10:52 AM",67354,5,"ABU DHABI",G4CNDU43567,NAKHU52V7GN5,GOLDEN,I20,Hyundai,"Doha Bank",Mail,New,kundan@z-aksys.com
"30-08-18 10:52 AM","N 67452",G,Dubai,NONE,3D3R84F43R873,BLACK,CAMARO,_,"Doha Bank",Mail,MakeNotAvailable,kundan@z-aksys.com
"30-08-18 10:52 AM","34874 K",F,Dubai,3XB3765892,NR3CE9F45SS6,WHITE,"PICK UPS",Mitsubishi,"Doha Bank",Mail,New,kundan@z-aksys.com
"30-08-18 10:52 AM",D/87872,B,"Ras Al Khaimah",7839992,NR3CE9F44SS5,WHITE,"PICK UPS",Mitsubishi,"Doha Bank",Mail,New,kundan@z-aksys.com
"30-08-18 10:52 AM",87983,E,Dubai,4D24G50066,KJ6DRE8JIKC35,SILVER,"1.8L HAT",Nissan,"Doha Bank",Mail,New,kundan@z-aksys.com
"30-08-18 10:52 AM",H34562,D,Dubai,1RT34527682,KR0QX22G7S142,"PEARL WHITE","4.5L SUV",Toyota,"Doha Bank",Mail,New,kundan@z-aksys.com
"30-08-18 10:52 AM",G76532,C,Dubai,GCR678098,HINOESTH50BO,BLACK,"3.2L FSI",Audi,"Doha Bank",Mail,New,kundan@z-aksys.com
"30-08-18 10:52 AM",37652,Orange,Sharjah,8904325,NFJUTIT64F190,WHITE,"5.7L V8",Dodge,"Doha Bank",Mail,New,kundan@z-aksys.com
"30-08-18 10:52 AM",45632,2,Sharjah,P0089720,NITKP22O3E900,BLUE,COASTER,Toyota,"Doha Bank",Mail,New,kundan@z-aksys.com
"30-08-18 10:52 AM",B32123,A,"Umm Al Quwain",472187SA,PL1KJ4C30PK32,WHITE,3.5L,Lexus,"Doha Bank",Mail,New,kundan@z-aksys.com
"30-08-18 10:52 AM",9806,B,Dubai,A3423421,JTNUM09H8E703,WHITE,HIACE,Toyota,"Doha Bank",Mail,New,kundan@z-aksys.com
"30-08-18 10:52 AM",A98872,A,"Ras Al Khaimah",F3GACD096741,NABCL50NK23,SILVER,RANGER,Ford,"Doha Bank",Mail,New,kundan@z-aksys.com
"30-08-18 10:52 AM",12/34652,4,"ABU DHABI",3787901KJ,JL1PJ4G4DJ12,BLACK,I20,Hyundai,"Doha Bank",Mail,New,kundan@z-aksys.com
"30-08-18 10:52 AM",Q32123,1,Sharjah,1NP8790231,MP2PW7G38J10,"PEARL WHITE","2.5L SUV",Toyota,"Doha Bank",Mail,New,kundan@z-aksys.com
"30-08-18 10:52 AM",S83243,A,Dubai,12564320,LCR2C32E8RL01,GREY,SUV,BMW,"Doha Bank",Mail,New,kundan@z-aksys.com
