"Created Date","Plate No","Plate Code",Emirates,"Engine No","Chasis No","Car Colour","Car Model","Car Make",Bank,Source,Status,"User Email"
"07-09-18 18:02 PM",50039,_,"ABU DHABI",12345624,ABC2C32E8RL43,silver,TATA,_,"HSBC Bank Middle East Limited",System,MakeNotAvailable,admin@gmail.com
"07-09-18 18:02 PM",50038,_,"ABU DHABI",12345623,ABC2C32E8RL42,silver,I20,Hyundai,"HSBC Bank Middle East Limited",System,New,admin@gmail.com
"07-09-18 18:02 PM",50037,_,"ABU DHABI",12345622,ABC2C32E8RL41,silver,CAMARO,_,"HSBC Bank Middle East Limited",System,MakeNotAvailable,admin@gmail.com
"07-09-18 18:02 PM",50036,_,"ABU DHABI",12345621,ABC2C32E8RL40,silver,"PICK UPS",Mitsubishi,"HSBC Bank Middle East Limited",System,New,admin@gmail.com
"07-09-18 18:02 PM",50035,5,"ABU DHABI",12345620,ABC2C32E8RL39,silver,"4.5L SUV",Toyota,"HSBC Bank Middle East Limited",System,New,admin@gmail.com
"07-09-18 18:02 PM",50034,4,"ABU DHABI",12345619,ABC2C32E8RL38,silver,"3.2L FSI",Audi,"HSBC Bank Middle East Limited",System,New,admin@gmail.com
"07-09-18 18:02 PM",50033,4,"ABU DHABI",12345618,ABC2C32E8RL37,silver,"5.7L V8",Dodge,"HSBC Bank Middle East Limited",System,New,admin@gmail.com
"07-09-18 18:02 PM",50032,4,"ABU DHABI",12345617,ABC2C32E8RL36,silver,HIACE,Toyota,"HSBC Bank Middle East Limited",System,New,admin@gmail.com
"07-09-18 18:02 PM",50031,_,"ABU DHABI",12345616,ABC2C32E8RL35,silver,TATA,_,"HSBC Bank Middle East Limited",System,MakeNotAvailable,admin@gmail.com
"07-09-18 18:02 PM",50030,_,"ABU DHABI",12345615,ABC2C32E8RL34,silver,I20,Hyundai,"HSBC Bank Middle East Limited",System,New,admin@gmail.com
"07-09-18 18:02 PM",50029,_,"ABU DHABI",12345614,ABC2C32E8RL33,silver,CAMARO,_,"HSBC Bank Middle East Limited",System,MakeNotAvailable,admin@gmail.com
"07-09-18 18:02 PM",50028,_,"Ras Al Khaimah",12345613,ABC2C32E8RL32,silver,"PICK UPS",Mitsubishi,"HSBC Bank Middle East Limited",System,New,admin@gmail.com
"07-09-18 18:02 PM",50027,_,"Ras Al Khaimah",12345612,ABC2C32E8RL31,yellow,"4.5L SUV",Toyota,"HSBC Bank Middle East Limited",System,New,admin@gmail.com
"07-09-18 18:02 PM",50026,_,"Ras Al Khaimah",12345611,ABC2C32E8RL30,yellow,"3.2L FSI",Audi,"HSBC Bank Middle East Limited",System,New,admin@gmail.com
"07-09-18 18:02 PM",50025,1,Sharjah,12345616,ABC2C32E8RL35,yellow,"5.7L V8",Dodge,"HSBC Bank Middle East Limited",System,New,admin@gmail.com
"07-09-18 18:02 PM",50024,2,Sharjah,12345615,ABC2C32E8RL34,yellow,HIACE,Toyota,"HSBC Bank Middle East Limited",System,New,admin@gmail.com
"07-09-18 18:02 PM",50023,_,Sharjah,12345614,ABC2C32E8RL33,blue,RANGER,Ford,"HSBC Bank Middle East Limited",System,New,admin@gmail.com
"07-09-18 18:02 PM",50022,2,Sharjah,12345613,ABC2C32E8RL32,yellow,COASTER,Toyota,"HSBC Bank Middle East Limited",System,New,admin@gmail.com
"07-09-18 18:02 PM",50021,1,Sharjah,12345612,ABC2C32E8RL31,yellow,3.5L,Lexus,"HSBC Bank Middle East Limited",System,New,admin@gmail.com
"07-09-18 18:02 PM",50020,2,Sharjah,12345611,ABC2C32E8RL30,blue,HIACE,Toyota,"HSBC Bank Middle East Limited",System,New,admin@gmail.com
"07-09-18 18:02 PM",50019,2,Sharjah,12345610,ABC2C32E8RL29,yellow,"4.5L SUV",Toyota,"HSBC Bank Middle East Limited",System,New,admin@gmail.com
"07-09-18 18:02 PM",50018,1,Sharjah,12345609,ABC2C32E8RL28,yellow,"3.2L FSI",Audi,"HSBC Bank Middle East Limited",System,New,admin@gmail.com
"07-09-18 18:02 PM",50017,1,Sharjah,12345608,ABC2C32E8RL27,blue,"5.7L V8",Dodge,"HSBC Bank Middle East Limited",System,New,admin@gmail.com
"07-09-18 18:02 PM",50016,T,Dubai,12345616,ABC2C32E8RL35,blue,HIACE,Toyota,"HSBC Bank Middle East Limited",System,New,admin@gmail.com
"07-09-18 18:02 PM",50015,T,Dubai,12345615,ABC2C32E8RL34,blue,RANGER,Ford,"HSBC Bank Middle East Limited",System,New,admin@gmail.com
"07-09-18 18:02 PM",50014,T,Dubai,12345614,ABC2C32E8RL33,blue,COASTER,Toyota,"HSBC Bank Middle East Limited",System,New,admin@gmail.com
"07-09-18 18:02 PM",50013,T,Dubai,12345613,ABC2C32E8RL32,blue,3.5L,Lexus,"HSBC Bank Middle East Limited",System,New,admin@gmail.com
"07-09-18 18:02 PM",50012,T,Dubai,12345612,ABC2C32E8RL31,blue,HIACE,Toyota,"HSBC Bank Middle East Limited",System,New,admin@gmail.com
"07-09-18 18:02 PM",50011,T,Dubai,12345611,ABC2C32E8RL30,blue,RANGER,Ford,"HSBC Bank Middle East Limited",System,New,admin@gmail.com
"07-09-18 18:02 PM",50010,T,Dubai,12345610,ABC2C32E8RL29,blue,I20,Hyundai,"HSBC Bank Middle East Limited",System,New,admin@gmail.com
"07-09-18 18:02 PM",50009,T,Dubai,12345609,ABC2C32E8RL28,blue,"2.5L SUV",Toyota,"HSBC Bank Middle East Limited",System,New,admin@gmail.com
"07-09-18 18:02 PM",50008,T,Dubai,12345608,ABC2C32E8RL27,blue,SUV,BMW,"HSBC Bank Middle East Limited",System,New,admin@gmail.com
"07-09-18 18:02 PM",50007,T,Dubai,12345607,ABC2C32E8RL26,blue,COASTER,Toyota,"HSBC Bank Middle East Limited",System,New,admin@gmail.com
"07-09-18 18:02 PM",50006,T,Dubai,12345606,ABC2C32E8RL25,blue,3.5L,Lexus,"HSBC Bank Middle East Limited",System,New,admin@gmail.com
"07-09-18 18:02 PM",50005,T,Dubai,12345605,ABC2C32E8RL24,blue,HIACE,Toyota,"HSBC Bank Middle East Limited",System,New,admin@gmail.com
"07-09-18 18:02 PM",50004,T,Dubai,12345604,ABC2C32E8RL23,blue,RANGER,Ford,"HSBC Bank Middle East Limited",System,New,admin@gmail.com
"07-09-18 18:02 PM",50003,T,Dubai,12345603,ABC2C32E8RL22,blue,I20,Hyundai,"HSBC Bank Middle East Limited",System,New,admin@gmail.com
"07-09-18 18:02 PM",50002,T,Dubai,12345602,ABC2C32E8RL21,blue,"2.5L SUV",Toyota,"HSBC Bank Middle East Limited",System,New,admin@gmail.com
"07-09-18 18:02 PM",50001,T,Dubai,12345601,ABC2C32E8RL20,blue,SUV,BMW,"HSBC Bank Middle East Limited",System,New,admin@gmail.com
"30-08-18 14:15 PM",4564,A,Dubai,H357867234,NAKHT35V7GN5,BLACK,I20,Hyundai,"Doha Bank",Mail,Updated,kundan@z-aksys.com
"30-08-18 14:15 PM",3421,_,"ABU DHABI",3XB37675493,NTJFUT478,WHITE,CAMARO,_,"Doha Bank",Mail,MakeNotAvailable,kundan@z-aksys.com
"30-08-18 14:15 PM",1234,O,Dubai,3XB3765793,ntjuft875,Grey,I20,Hyundai,"Doha Bank",Mail,Updated,kundan@z-aksys.com
"30-08-18 14:15 PM",2/47561,H,Dubai,H357867,NTJUTF478,WHITE,TATA,_,"Doha Bank",Mail,MakeNotAvailable,kundan@z-aksys.com
"30-08-18 14:15 PM",67354,5,"ABU DHABI",G4CNDU43567,NAKHU52V7GN5,GOLDEN,I20,Hyundai,"Doha Bank",Mail,Updated,kundan@z-aksys.com
"30-08-18 14:15 PM","N 67452",G,Dubai,NONE,3D3R84F43R873,BLACK,CAMARO,_,"Doha Bank",Mail,MakeNotAvailable,kundan@z-aksys.com
"30-08-18 14:15 PM","34874 K",F,Dubai,3XB3765892,NR3CE9F45SS6,WHITE,"PICK UPS",Mitsubishi,"Doha Bank",Mail,Updated,kundan@z-aksys.com
"30-08-18 14:15 PM",D/87872,B,"Ras Al Khaimah",7839992,NR3CE9F44SS5,WHITE,"PICK UPS",Mitsubishi,"Doha Bank",Mail,Updated,kundan@z-aksys.com
"30-08-18 14:15 PM",87983,E,Dubai,4D24G50066,KJ6DRE8JIKC35,SILVER,"1.8L HAT",Nissan,"Doha Bank",Mail,Updated,kundan@z-aksys.com
"30-08-18 14:15 PM",H34562,D,Dubai,1RT34527682,KR0QX22G7S142,"PEARL WHITE","4.5L SUV",Toyota,"Doha Bank",Mail,Updated,kundan@z-aksys.com
"30-08-18 14:15 PM",G76532,C,Dubai,GCR678098,HINOESTH50BO,BLACK,"3.2L FSI",Audi,"Doha Bank",Mail,Updated,kundan@z-aksys.com
"30-08-18 14:15 PM",37652,Orange,Sharjah,8904325,NFJUTIT64F190,WHITE,"5.7L V8",Dodge,"Doha Bank",Mail,Updated,kundan@z-aksys.com
"30-08-18 14:15 PM",45632,2,Sharjah,P0089720,NITKP22O3E900,BLUE,COASTER,Toyota,"Doha Bank",Mail,Updated,kundan@z-aksys.com
"30-08-18 14:15 PM",B32123,A,"Umm Al Quwain",472187SA,PL1KJ4C30PK32,WHITE,3.5L,Lexus,"Doha Bank",Mail,Updated,kundan@z-aksys.com
"30-08-18 14:15 PM",9806,B,Dubai,A3423421,JTNUM09H8E703,WHITE,HIACE,Toyota,"Doha Bank",Mail,Updated,kundan@z-aksys.com
"30-08-18 14:15 PM",A98872,A,"Ras Al Khaimah",F3GACD096741,NABCL50NK23,SILVER,RANGER,Ford,"Doha Bank",Mail,Updated,kundan@z-aksys.com
"30-08-18 14:15 PM",12/34652,4,"ABU DHABI",3787901KJ,JL1PJ4G4DJ12,BLACK,I20,Hyundai,"Doha Bank",Mail,Updated,kundan@z-aksys.com
"30-08-18 14:15 PM",Q32123,1,Sharjah,1NP8790231,MP2PW7G38J10,"PEARL WHITE","2.5L SUV",Toyota,"Doha Bank",Mail,Updated,kundan@z-aksys.com
"30-08-18 14:15 PM",S83243,A,Dubai,12564320,LCR2C32E8RL01,GREY,SUV,BMW,"Doha Bank",Mail,Updated,kundan@z-aksys.com
"30-08-18 12:44 PM",11111,A,Dubai,12561110,kkkkk2C32E8RL01,GREY,SUV,BMW,"Doha Bank",System,New,admin@gmail.com
"30-08-18 12:18 PM",4564,A,Dubai,H357867234,NAKHT35V7GN5,BLACK,I20,Hyundai,"Doha Bank",Mail,New,kundan@z-aksys.com
"30-08-18 12:18 PM",3421,_,"ABU DHABI",3XB37675493,NTJFUT478,WHITE,CAMARO,_,"Doha Bank",Mail,MakeNotAvailable,kundan@z-aksys.com
"30-08-18 12:18 PM",1234,O,Dubai,3XB3765793,ntjuft875,Grey,I20,Hyundai,"Doha Bank",Mail,New,kundan@z-aksys.com
"30-08-18 12:18 PM",2/47561,H,Dubai,H357867,NTJUTF478,WHITE,TATA,_,"Doha Bank",Mail,MakeNotAvailable,kundan@z-aksys.com
"30-08-18 12:18 PM",67354,5,"ABU DHABI",G4CNDU43567,NAKHU52V7GN5,GOLDEN,I20,Hyundai,"Doha Bank",Mail,New,kundan@z-aksys.com
"30-08-18 12:18 PM","N 67452",G,Dubai,NONE,3D3R84F43R873,BLACK,CAMARO,_,"Doha Bank",Mail,MakeNotAvailable,kundan@z-aksys.com
"30-08-18 12:18 PM","34874 K",F,Dubai,3XB3765892,NR3CE9F45SS6,WHITE,"PICK UPS",Mitsubishi,"Doha Bank",Mail,New,kundan@z-aksys.com
"30-08-18 12:18 PM",D/87872,B,"Ras Al Khaimah",7839992,NR3CE9F44SS5,WHITE,"PICK UPS",Mitsubishi,"Doha Bank",Mail,New,kundan@z-aksys.com
"30-08-18 12:18 PM",87983,E,Dubai,4D24G50066,KJ6DRE8JIKC35,SILVER,"1.8L HAT",Nissan,"Doha Bank",Mail,New,kundan@z-aksys.com
"30-08-18 12:18 PM",H34562,D,Dubai,1RT34527682,KR0QX22G7S142,"PEARL WHITE","4.5L SUV",Toyota,"Doha Bank",Mail,New,kundan@z-aksys.com
"30-08-18 12:18 PM",G76532,C,Dubai,GCR678098,HINOESTH50BO,BLACK,"3.2L FSI",Audi,"Doha Bank",Mail,New,kundan@z-aksys.com
"30-08-18 12:18 PM",37652,Orange,Sharjah,8904325,NFJUTIT64F190,WHITE,"5.7L V8",Dodge,"Doha Bank",Mail,New,kundan@z-aksys.com
"30-08-18 12:18 PM",45632,2,Sharjah,P0089720,NITKP22O3E900,BLUE,COASTER,Toyota,"Doha Bank",Mail,New,kundan@z-aksys.com
"30-08-18 12:18 PM",B32123,A,"Umm Al Quwain",472187SA,PL1KJ4C30PK32,WHITE,3.5L,Lexus,"Doha Bank",Mail,New,kundan@z-aksys.com
"30-08-18 12:18 PM",9806,B,Dubai,A3423421,JTNUM09H8E703,WHITE,HIACE,Toyota,"Doha Bank",Mail,New,kundan@z-aksys.com
"30-08-18 12:18 PM",A98872,A,"Ras Al Khaimah",F3GACD096741,NABCL50NK23,SILVER,RANGER,Ford,"Doha Bank",Mail,New,kundan@z-aksys.com
"30-08-18 12:18 PM",12/34652,4,"ABU DHABI",3787901KJ,JL1PJ4G4DJ12,BLACK,I20,Hyundai,"Doha Bank",Mail,New,kundan@z-aksys.com
"30-08-18 12:18 PM",Q32123,1,Sharjah,1NP8790231,MP2PW7G38J10,"PEARL WHITE","2.5L SUV",Toyota,"Doha Bank",Mail,New,kundan@z-aksys.com
"30-08-18 12:18 PM",S83243,A,Dubai,12564320,LCR2C32E8RL01,GREY,SUV,BMW,"Doha Bank",Mail,New,kundan@z-aksys.com
