"Created Date","Car Imported","Car Not Imported",Bank,Source,Status,"User Email","File Name"
"07-09-18 18:02 PM",35,4,"HSBC Bank Middle East Limited",System,PostAdded,admin@gmail.com,13fe9d84310e77f13a6d184dbf1232f3-20180907180221.xls
"30-08-18 14:15 PM",16,3,"Doha Bank",Mail,PostAdded,kundan@z-aksys.com,Cars_imported_by_mail_201808301415_14.csv
"30-08-18 12:44 PM",1,0,"Doha Bank",System,NotFound,admin@gmail.com,13fe9d84310e77f13a6d184dbf1232f3-20180830124401.xls
"30-08-18 12:18 PM",16,3,"Doha Bank",Mail,PostAdded,kundan@z-aksys.com,Imported_cars_mail_201808301218_16.csv
