"Created Date","Plate No","Plate Code",Emirates,"Engine No","Chasis No","Car Colour","Car Model","Car Make",Bank,Status
"29-08-18 11:50 AM",4564,24,Dubai,H357867234,NAKHT35V7GN5,BLACK,I20,Hyundai,"Doha Bank",New
"29-08-18 11:50 AM",3421,B,"ABU DHABI",3XB37675493,NTJFUT478,WHITE,CAMARO,_,"Doha Bank","Make id not available"
"29-08-18 11:50 AM",1234,43,Dubai,3XB3765793,ntjuft875,Grey,I20,Hyundai,"Doha Bank",New
"29-08-18 11:50 AM",2/47561,H,Dubai,H357867,NTJUTF478,WHITE,TATA,_,"Doha Bank","Make id not available"
"29-08-18 11:50 AM",67354,7,"ABU DHABI",G4CNDU43567,NAKHU52V7GN5,GOLDEN,I20,Hyundai,"Doha Bank",New
"29-08-18 11:50 AM","N 67452",G,Dubai,NONE,3D3R84F43R873,BLACK,CAMARO,_,"Doha Bank","Make id not available"
"29-08-18 11:50 AM","34874 K",34,Dubai,3XB3765892,NR3CE9F45SS6,WHITE,"PICK UPS",Mitsubishi,"Doha Bank",New
"29-08-18 11:50 AM",D/87872,62,"Ras Al Khaimah",7839992,NR3CE9F44SS5,WHITE,"PICK UPS",Mitsubishi,"Doha Bank",New
"29-08-18 11:50 AM",87983,33,Dubai,4D24G50066,KJ6DRE8JIKC35,SILVER,"1.8L HAT",Nissan,"Doha Bank",New
"29-08-18 11:50 AM",H34562,32,Dubai,1RT34527682,KR0QX22G7S142,"PEARL WHITE","4.5L SUV",Toyota,"Doha Bank",New
"29-08-18 11:50 AM",G76532,31,Dubai,GCR678098,HINOESTH50BO,BLACK,"3.2L FSI",Audi,"Doha Bank",New
"29-08-18 11:50 AM",37652,76,Sharjah,8904325,NFJUTIT64F190,WHITE,"5.7L V8",Dodge,"Doha Bank",New
"29-08-18 11:50 AM",45632,75,Sharjah,P0089720,NITKP22O3E900,BLUE,COASTER,Toyota,"Doha Bank",New
"29-08-18 11:50 AM",B32123,78,"Umm Al Quwain",472187SA,PL1KJ4C30PK32,WHITE,3.5L,Lexus,"Doha Bank",New
"29-08-18 11:50 AM",9806,25,Dubai,A3423421,JTNUM09H8E703,WHITE,HIACE,Toyota,"Doha Bank",New
"29-08-18 11:50 AM",A98872,61,"Ras Al Khaimah",F3GACD096741,NABCL50NK23,SILVER,RANGER,Ford,"Doha Bank",New
"29-08-18 11:50 AM",12/34652,6,"ABU DHABI",3787901KJ,JL1PJ4G4DJ12,BLACK,I20,Hyundai,"Doha Bank",New
"29-08-18 11:50 AM",Q32123,74,Sharjah,1NP8790231,MP2PW7G38J10,"PEARL WHITE","2.5L SUV",Toyota,"Doha Bank",New
"29-08-18 11:50 AM",S83243,24,Dubai,12564320,LCR2C32E8RL01,GREY,SUV,BMW,"Doha Bank",New
