Date,Name,Type,"Parent Name"
21-09-18,test,Child,Pagani
01-01-70,"Other Utility",Child,"Other Make"
01-01-70,"Other Pickup",Child,"Other Make"
01-01-70,"Other Minivan",Child,"Other Make"
01-01-70,"Other Car",Child,"Other Make"
01-01-70,"Other 4 x 4",Child,"Other Make"
01-01-70,"Other Vehicles",Child,"Other Make"
20-09-18,"Other Make",Parent,-
01-01-70,MF5,Child,Volvo
01-01-70,MF4,Child,Volvo
01-01-70,MF3,Child,Volvo
01-01-70,Wiesmann,Child,Volvo
01-01-70,XC90,Child,Volvo
01-01-70,XC70,Child,Volvo
01-01-70,XC60,Child,Volvo
01-01-70,V-Class,Child,Volvo
01-01-70,S-Class,Child,Volvo
01-01-70,C-Class,Child,Volvo
01-01-70,Volvo,Parent,-
01-01-70,Vento,Child,Volkswagen
01-01-70,Touareg,Child,Volkswagen
01-01-70,Tiguan,Child,Volkswagen
01-01-70,Sharan,Child,Volkswagen
01-01-70,Scirocco,Child,Volkswagen
01-01-70,Polo,Child,Volkswagen
01-01-70,Phaeton,Child,Volkswagen
01-01-70,Passat,Child,Volkswagen
01-01-70,Multivan,Child,Volkswagen
01-01-70,Jetta,Child,Volkswagen
01-01-70,"Golf R",Child,Volkswagen
01-01-70,Golf,Child,Volkswagen
01-01-70,GTI,Child,Volkswagen
01-01-70,Eurovan,Child,Volkswagen
01-01-70,EOS,Child,Volkswagen
01-01-70,Caddy,Child,Volkswagen
01-01-70,CCGT,Child,Volkswagen
01-01-70,Bora,Child,Volkswagen
01-01-70,Beetle,Child,Volkswagen
01-01-70,Amarok,Child,Volkswagen
01-01-70,Volkswagen,Parent,-
01-01-70,Zelas,Child,Toyota
01-01-70,Yaris,Child,Toyota
01-01-70,XA,Child,Toyota
01-01-70,Tundra,Child,Toyota
01-01-70,Tercel,Child,Toyota
01-01-70,Tacoma,Child,Toyota
01-01-70,Supra,Child,Toyota
01-01-70,Sienna,Child,Toyota
01-01-70,Sequoia,Child,Toyota
01-01-70,Scion,Child,Toyota
01-01-70,"RAV 4",Child,Toyota
01-01-70,Pirus,Child,Toyota
01-01-70,Previa,Child,Toyota
01-01-70,Prada,Child,Toyota
01-01-70,Pickup,Child,Toyota
01-01-70,"Land Crusier 76 Series",Child,Toyota
01-01-70,"Land Cursier",Child,Toyota
01-01-70,Innova,Child,Toyota
01-01-70,IQ,Child,Toyota
01-01-70,Hilux,Child,Toyota
01-01-70,Hilander,Child,Toyota
01-01-70,Hiace,Child,Toyota
01-01-70,Fortuner,Child,Toyota
01-01-70,"FJ Cruiser",Child,Toyota
01-01-70,Echo,Child,Toyota
01-01-70,Crown,Child,Toyota
01-01-70,Cressida,Child,Toyota
01-01-70,Corona,Child,Toyota
01-01-70,Corolla,Child,Toyota
01-01-70,Celica,Child,Toyota
01-01-70,Camry,Child,Toyota
01-01-70,Avensis,Child,Toyota
01-01-70,Avanza,Child,Toyota
01-01-70,Avalon,Child,Toyota
01-01-70,Aurion,Child,Toyota
01-01-70,86,Child,Toyota
01-01-70,"4 Runner",Child,Toyota
01-01-70,Toyota,Parent,-
01-01-70,"Tesla Roadster",Child,Tesla
01-01-70,"Model X",Child,Tesla
01-01-70,"Model S",Child,Tesla
01-01-70,"Model 3",Child,Tesla
01-01-70,Tesla,Parent,-
01-01-70,"Pickup Van",Child,TATA
01-01-70,"Pickup Truck",Child,TATA
01-01-70,"Delivery Truck",Child,TATA
01-01-70,TATA,Parent,-
01-01-70,XL7,Child,Suzuki
01-01-70,Vitara,Child,Suzuki
01-01-70,Swift,Child,Suzuki
01-01-70,SX4,Child,Suzuki
01-01-70,Kizashi,Child,Suzuki
01-01-70,Jimny,Child,Suzuki
01-01-70,"Grand Vitara",Child,Suzuki
01-01-70,Celerio,Child,Suzuki
01-01-70,Alto,Child,Suzuki
01-01-70,"APV Van",Child,Suzuki
01-01-70,Suzuki,Parent,-
01-01-70,XV,Child,Subaru
01-01-70,WRX,Child,Subaru
01-01-70,Tribeca,Child,Subaru
01-01-70,Outback,Child,Subaru
01-01-70,Legacy,Child,Subaru
01-01-70,Impreza,Child,Subaru
01-01-70,Forester,Child,Subaru
01-01-70,BRZ,Child,Subaru
01-01-70,Subaru,Parent,-
01-01-70,"Ssang Yong",Parent,-
01-01-70,Smart,Parent,-
01-01-70,Superb,Child,Skoda
01-01-70,Octavia,Child,Skoda
01-01-70,Fabia,Child,Skoda
01-01-70,Skoda,Parent,-
01-01-70,"SLK 6120",Child,"Shenlong / Sunlong"
01-01-70,"SLK 6112",Child,"Shenlong / Sunlong"
01-01-70,"Shenlong / Sunlong",Parent,-
01-01-70,Toledo,Child,Seat
01-01-70,Leon,Child,Seat
01-01-70,Ibiza,Child,Seat
01-01-70,Exeo,Child,Seat
01-01-70,Cordoba,Child,Seat
01-01-70,Altea,Child,Seat
01-01-70,Alhambra,Child,Seat
01-01-70,Seat,Parent,-
01-01-70,9000,Child,Saab
01-01-70,900,Child,Saab
01-01-70,9-7x,Child,Saab
01-01-70,9-5,Child,Saab
01-01-70,9-3,Child,Saab
01-01-70,9-2x,Child,Saab
01-01-70,Saab,Parent,-
01-01-70,75,Child,Rover
01-01-70,Rover,Parent,-
01-01-70,Wraith,Child,"Rolls Royce"
01-01-70,"Silver Spur",Child,"Rolls Royce"
01-01-70,Ghost,Child,"Rolls Royce"
01-01-70,Dawn,Child,"Rolls Royce"
01-01-70,"Rolls Royce",Parent,-
01-01-70,Twizy,Child,Renault
01-01-70,Twingo,Child,Renault
01-01-70,Trafic,Child,Renault
01-01-70,Symbol,Child,Renault
01-01-70,Scenic,Child,Renault
01-01-70,Sandero,Child,Renault
01-01-70,Safrane,Child,Renault
01-01-70,Megane,Child,Renault
01-01-70,Logan,Child,Renault
01-01-70,Laguna,Child,Renault
01-01-70,Koleos,Child,Renault
01-01-70,Fluence,Child,Renault
01-01-70,Duster,Child,Renault
01-01-70,Dokker,Child,Renault
01-01-70,Clio,Child,Renault
01-01-70,Captur,Child,Renault
01-01-70,Renault,Parent,-
01-01-70,Proton,Parent,-
01-01-70,Panamera,Child,Porsche
01-01-70,Macan,Child,Porsche
01-01-70,Cayman,Child,Porsche
01-01-70,Cayenne,Child,Porsche
01-01-70,"Carrera / 911",Child,Porsche
01-01-70,Boxter,Child,Porsche
01-01-70,968,Child,Porsche
01-01-70,944,Child,Porsche
01-01-70,"918 Spyder",Child,Porsche
01-01-70,Porsche,Parent,-
01-01-70,Pontiac,Parent,-
01-01-70,RCZ,Child,Peugeot
01-01-70,RC7,Child,Peugeot
01-01-70,Partner,Child,Peugeot
01-01-70,607,Child,Peugeot
01-01-70,508,Child,Peugeot
01-01-70,504/5,Child,Peugeot
01-01-70,5008,Child,Peugeot
01-01-70,408,Child,Peugeot
01-01-70,407,Child,Peugeot
01-01-70,308CC,Child,Peugeot
01-01-70,308,Child,Peugeot
01-01-70,307CC,Child,Peugeot
01-01-70,307,Child,Peugeot
01-01-70,301,Child,Peugeot
01-01-70,3008,Child,Peugeot
01-01-70,208,Child,Peugeot
01-01-70,207CC,Child,Peugeot
01-01-70,207,Child,Peugeot
01-01-70,206CC,Child,Peugeot
01-01-70,206,Child,Peugeot
01-01-70,2008,Child,Peugeot
01-01-70,Peugeot,Parent,-
01-01-70,Zonda,Child,Pagani
01-01-70,Huayra,Child,Pagani
01-01-70,Pagani,Parent,-
01-01-70,Spirra,Child,Oullim
01-01-70,Oullim,Parent,-
01-01-70,Zafira,Child,Opel
01-01-70,Vita,Child,Opel
01-01-70,Vectra,Child,Opel
01-01-70,Sginum,Child,Opel
01-01-70,Omega,Child,Opel
01-01-70,Mervia,Child,Opel
01-01-70,Kadett,Child,Opel
01-01-70,Insignia,Child,Opel
01-01-70,Corsa,Child,Opel
01-01-70,Astra,Child,Opel
01-01-70,Opel,Parent,-
01-01-70,Xterra,Child,Nissan
01-01-70,X-Trail,Child,Nissan
01-01-70,Van,Child,Nissan
01-01-70,Titan,Child,Nissan
01-01-70,Tida,Child,Nissan
01-01-70,Terrano,Child,Nissan
01-01-70,Sunny,Child,Nissan
01-01-70,Skyline,Child,Nissan
01-01-70,Silvia,Child,Nissan
01-01-70,Semtra,Child,Nissan
01-01-70,S130,Child,Nissan
01-01-70,Qashqai,Child,Nissan
01-01-70,Primera,Child,Nissan
01-01-70,Patrol,Child,Nissan
01-01-70,Pathfinder,Child,Nissan
01-01-70,Navara,Child,Nissan
01-01-70,Maxima,Child,Nissan
01-01-70,Juke,Child,Nissan
01-01-70,Gloria,Child,Nissan
01-01-70,GT-R,Child,Nissan
01-01-70,Armada,Child,Nissan
01-01-70,Altima,Child,Nissan
01-01-70,370Z,Child,Nissan
01-01-70,350Z,Child,Nissan
01-01-70,300ZX,Child,Nissan
01-01-70,Nissan,Parent,-
01-01-70,Roadster,Child,Morgan
01-01-70,"Plus 8",Child,Morgan
01-01-70,"Plus 4",Child,Morgan
01-01-70,"Aero Supersport",Child,Morgan
01-01-70,"Aero Coupe",Child,Morgan
01-01-70,"Aero 8",Child,Morgan
01-01-70,42464,Child,Morgan
01-01-70,"4 Seater",Child,Morgan
01-01-70,"3 Wheeler",Child,Morgan
01-01-70,Morgan,Parent,-
01-01-70,Van,Child,Mitsubishi
01-01-70,Pickup,Child,Mitsubishi
01-01-70,"Pajero Sport",Child,Mitsubishi
01-01-70,Pajero,Child,Mitsubishi
01-01-70,Outlander,Child,Mitsubishi
01-01-70,Nativa,Child,Mitsubishi
01-01-70,Montero,Child,Mitsubishi
01-01-70,Mirage,Child,Mitsubishi
01-01-70,Magna,Child,Mitsubishi
01-01-70,Lancer,Child,Mitsubishi
01-01-70,Grandis,Child,Mitsubishi
01-01-70,Galant,Child,Mitsubishi
01-01-70,Evolution,Child,Mitsubishi
01-01-70,Eclipse,Child,Mitsubishi
01-01-70,Diamonte,Child,Mitsubishi
01-01-70,Colt,Child,Mitsubishi
01-01-70,Attrage,Child,Mitsubishi
01-01-70,ASX,Child,Mitsubishi
01-01-70,3000GT,Child,Mitsubishi
01-01-70,Mitsubishi,Parent,-
01-01-70,Mountaineer,Child,Mercury
01-01-70,Montego,Child,Mercury
01-01-70,Milan,Child,Mercury
01-01-70,Mariner,Child,Mercury
01-01-70,"Grand Marquis",Child,Mercury
01-01-70,Mercury,Parent,-
01-01-70,Viano,Child,Mercedes-Benz
01-01-70,Sprinter,Child,Mercedes-Benz
01-01-70,SLS,Child,Mercedes-Benz
01-01-70,SLR,Child,Mercedes-Benz
01-01-70,SLK-Class,Child,Mercedes-Benz
01-01-70,SL-Class,Child,Mercedes-Benz
01-01-70,S-Class,Child,Mercedes-Benz
01-01-70,R-Class,Child,Mercedes-Benz
01-01-70,M-Class,Child,Mercedes-Benz
01-01-70,GT,Child,Mercedes-Benz
01-01-70,GLK-Class,Child,Mercedes-Benz
01-01-70,"GLE SUV",Child,Mercedes-Benz
01-01-70,"GLE Coupe",Child,Mercedes-Benz
01-01-70,GLA,Child,Mercedes-Benz
01-01-70,GL-Class,Child,Mercedes-Benz
01-01-70,G-Class,Child,Mercedes-Benz
01-01-70,E-Class,Child,Mercedes-Benz
01-01-70,CLS-Class,Child,Mercedes-Benz
01-01-70,CLK-Class,Child,Mercedes-Benz
01-01-70,CLA,Child,Mercedes-Benz
01-01-70,CL-Class,Child,Mercedes-Benz
01-01-70,C-Class,Child,Mercedes-Benz
01-01-70,B-Class,Child,Mercedes-Benz
01-01-70,AMG,Child,Mercedes-Benz
01-01-70,A-Class,Child,Mercedes-Benz
01-01-70,500/560,Child,Mercedes-Benz
01-01-70,400/420,Child,Mercedes-Benz
01-01-70,300/350/380,Child,Mercedes-Benz
01-01-70,240/260/280,Child,Mercedes-Benz
01-01-70,190,Child,Mercedes-Benz
01-01-70,Mercedes-Benz,Parent,-
01-01-70,SLR,Child,McLaren
01-01-70,P1,Child,McLaren
01-01-70,MP4-12C,Child,McLaren
01-01-70,F1,Child,McLaren
01-01-70,650S,Child,McLaren
01-01-70,McLaren,Parent,-
01-01-70,Tribute,Child,Mazda
01-01-70,RX-8,Child,Mazda
01-01-70,RX-7,Child,Mazda
01-01-70,Protégé,Child,Mazda
01-01-70,Pickup,Child,Mazda
01-01-70,Navajo,Child,Mazda
01-01-70,MX-5,Child,Mazda
01-01-70,MPV,Child,Mazda
01-01-70,CX-9,Child,Mazda
01-01-70,CX-7,Child,Mazda
01-01-70,CX-5,Child,Mazda
01-01-70,929,Child,Mazda
01-01-70,626,Child,Mazda
01-01-70,6,Child,Mazda
01-01-70,323,Child,Mazda
01-01-70,3,Child,Mazda
01-01-70,2,Child,Mazda
01-01-70,Mazda,Parent,-
01-01-70,S500,Child,Maybach
01-01-70,62,Child,Maybach
01-01-70,57,Child,Maybach
01-01-70,Maybach,Parent,-
01-01-70,Spyder,Child,Maserati
01-01-70,Quattroporte,Child,Maserati
01-01-70,"MC 12",Child,Maserati
01-01-70,"Gran Turismo",Child,Maserati
01-01-70,GranCabrio,Child,Maserati
01-01-70,Ghibli,Child,Maserati
01-01-70,Maserati,Parent,-
01-01-70,Roadster,Child,MINI
01-01-70,Paceman,Child,MINI
01-01-70,Coupe,Child,MINI
01-01-70,Countryman,Child,MINI
01-01-70,Cooper,Child,MINI
01-01-70,Clubman,Child,MINI
01-01-70,MINI,Parent,-
01-01-70,MG750,Child,MG
01-01-70,MG6,Child,MG
01-01-70,MG550,Child,MG
01-01-70,MG5,Child,MG
01-01-70,MG350,Child,MG
01-01-70,MG3,Child,MG
01-01-70,GS,Child,MG
01-01-70,MG,Parent,-
01-01-70,"U7 Turbo",Child,Luxgen
01-01-70,U6,Child,Luxgen
01-01-70,S5,Child,Luxgen
01-01-70,"7 SUV",Child,Luxgen
01-01-70,"7 MPV",Child,Luxgen
01-01-70,Luxgen,Parent,-
01-01-70,Exige,Child,Lotus
01-01-70,Evogra,Child,Lotus
01-01-70,Esprit,Child,Lotus
01-01-70,Elise,Child,Lotus
01-01-70,Elan,Child,Lotus
01-01-70,Lotus,Parent,-
01-01-70,"Town Car",Child,Lincoln
01-01-70,Navigator,Child,Lincoln
01-01-70,MKZ,Child,Lincoln
01-01-70,MKX,Child,Lincoln
01-01-70,MKT,Child,Lincoln
01-01-70,MKS,Child,Lincoln
01-01-70,MKC,Child,Lincoln
01-01-70,LS,Child,Lincoln
01-01-70,Continental,Child,Lincoln
01-01-70,Aviator,Child,Lincoln
01-01-70,Lincoln,Parent,-
01-01-70,SC-Series,Child,Lexus
01-01-70,RX-Series,Child,Lexus
01-01-70,"RC F",Child,Lexus
01-01-70,RC,Child,Lexus
01-01-70,"NX 200t",Child,Lexus
01-01-70,LX-Series,Child,Lexus
01-01-70,LS-Series,Child,Lexus
01-01-70,LFA,Child,Lexus
01-01-70,IS-Series,Child,Lexus
01-01-70,IS-F,Child,Lexus
01-01-70,IS-C,Child,Lexus
01-01-70,GX-Series,Child,Lexus
01-01-70,GS-Series,Child,Lexus
01-01-70,ES-Series,Child,Lexus
01-01-70,CT-Series,Child,Lexus
01-01-70,Lexus,Parent,-
01-01-70,"Range Rover Sport",Child,"Land Rover"
01-01-70,"Range Rover",Child,"Land Rover"
01-01-70,LR4,Child,"Land Rover"
01-01-70,LR3,Child,"Land Rover"
01-01-70,LR2,Child,"Land Rover"
01-01-70,"HSE V8",Child,"Land Rover"
01-01-70,Freelander,Child,"Land Rover"
01-01-70,Evoque,Child,"Land Rover"
01-01-70,Discovery,Child,"Land Rover"
01-01-70,"Defender ",Child,"Land Rover"
01-01-70,"Land Rover",Parent,-
01-01-70,FX-Series,Child,Lancia
01-01-70,Ypsilon,Child,Lancia
01-01-70,Thesis,Child,Lancia
01-01-70,Phedra,Child,Lancia
01-01-70,Musa,Child,Lancia
01-01-70,Delta,Child,Lancia
01-01-70,Lancia,Parent,-
01-01-70,Murcielago,Child,Lamborghini
01-01-70,Huracan,Child,Lamborghini
01-01-70,Gallardo,Child,Lamborghini
01-01-70,Diablo,Child,Lamborghini
01-01-70,Countach,Child,Lamborghini
01-01-70,Aventador,Child,Lamborghini
01-01-70,Lamborghini,Parent,-
01-01-70,Lada,Parent,-
01-01-70,Regera,Child,Koenigsegg
01-01-70,"ONE 1",Child,Koenigsegg
01-01-70,CCXR,Child,Koenigsegg
01-01-70,CCX,Child,Koenigsegg
01-01-70,CCR,Child,Koenigsegg
01-01-70,CCGT,Child,Koenigsegg
01-01-70,CC8S,Child,Koenigsegg
01-01-70,"CC Prototype",Child,Koenigsegg
01-01-70,Agera,Child,Koenigsegg
01-01-70,Koenigsegg,Parent,-
01-01-70,Sportage,Child,Kia
01-01-70,Spectra,Child,Kia
01-01-70,Soul,Child,Kia
01-01-70,Sorento,Child,Kia
01-01-70,Shuma,Child,Kia
01-01-70,Sephia,Child,Kia
01-01-70,Sedona,Child,Kia
01-01-70,Rio,Child,Kia
01-01-70,Quoris,Child,Kia
01-01-70,Picanto,Child,Kia
01-01-70,Oprius,Child,Kia
01-01-70,Mohave,Child,Kia
01-01-70,Koup,Child,Kia
01-01-70,Cerato,Child,Kia
01-01-70,Carnival,Child,Kia
01-01-70,Carens,Child,Kia
01-01-70,Cadenza,Child,Kia
01-01-70,Kia,Parent,-
01-01-70,"H2L Highroof",Child,Jinbei
01-01-70,DLX,Child,Jinbei
01-01-70,"Cargo Van",Child,Jinbei
01-01-70,Jinbei,Parent,-
01-01-70,"Wrangler Unlimited",Child,Jeep
01-01-70,Wrangler,Child,Jeep
01-01-70,Renegade,Child,Jeep
01-01-70,Patriot,Child,Jeep
01-01-70,Liberty,Child,Jeep
01-01-70,"Grand Cherokee",Child,Jeep
01-01-70,Compass,Child,Jeep
01-01-70,Commander,Child,Jeep
01-01-70,Commanche,Child,Jeep
01-01-70,Cherokee,Child,Jeep
01-01-70,Jeep,Parent,-
01-01-70,XKR,Child,Jaguar
01-01-70,XK8,Child,Jaguar
01-01-70,XK,Child,Jaguar
01-01-70,XJS,Child,Jaguar
01-01-70,XJR,Child,Jaguar
01-01-70,XJ8,Child,Jaguar
01-01-70,XJ6,Child,Jaguar
01-01-70,XJ12,Child,Jaguar
01-01-70,XJ-Series,Child,Jaguar
01-01-70,XF,Child,Jaguar
01-01-70,XE,Child,Jaguar
01-01-70,X-Type,Child,Jaguar
01-01-70,S-Type,Child,Jaguar
01-01-70,F-Type,Child,Jaguar
01-01-70,F-Pace,Child,Jaguar
01-01-70,E-Type,Child,Jaguar
01-01-70,Jaguar,Parent,-
01-01-70,NKR,Child,JMC
01-01-70,NHR,Child,JMC
01-01-70,JMC,Parent,-
01-01-70,"Tourist Bus",Child,JAC
01-01-70,HK6730,Child,JAC
01-01-70,"City Bus",Child,JAC
01-01-70,JAC,Parent,-
01-01-70,i-series,Child,Isuzu
01-01-70,Trooper,Child,Isuzu
01-01-70,Stylus,Child,Isuzu
01-01-70,Rodeo,Child,Isuzu
01-01-70,Oasis,Child,Isuzu
01-01-70,Impulse,Child,Isuzu
01-01-70,"I Mark",Child,Isuzu
01-01-70,Axiom,Child,Isuzu
01-01-70,Ascender,Child,Isuzu
01-01-70,Amingo,Child,Isuzu
01-01-70,Isuzu,Parent,-
01-01-70,QX80,Child,Infiniti
01-01-70,QX70,Child,Infiniti
01-01-70,QX60,Child,Infiniti
01-01-70,QX56,Child,Infiniti
01-01-70,QX50,Child,Infiniti
01-01-70,QX4,Child,Infiniti
01-01-70,Q70,Child,Infiniti
01-01-70,Q60,Child,Infiniti
01-01-70,Q50,Child,Infiniti
01-01-70,Q45,Child,Infiniti
01-01-70,M-Series,Child,Infiniti
01-01-70,JX-Series,Child,Infiniti
01-01-70,J30,Child,Infiniti
01-01-70,I35/I30,Child,Infiniti
01-01-70,G25,Child,Infiniti
01-01-70,G-Series,Child,Infiniti
01-01-70,FX50,Child,Infiniti
01-01-70,FX45/FX35,Child,Infiniti
01-01-70,EX35,Child,Infiniti
01-01-70,Infiniti,Parent,-
01-01-70,i40,Child,Hyundai
01-01-70,i30,Child,Hyundai
01-01-70,i20,Child,Hyundai
01-01-70,i10,Child,Hyundai
01-01-70,Verna,Child,Hyundai
01-01-70,Veracruz,Child,Hyundai
01-01-70,Veloster,Child,Hyundai
01-01-70,Tucson,Child,Hyundai
01-01-70,Trajet,Child,Hyundai
01-01-70,Tiburon,Child,Hyundai
01-01-70,Terracan,Child,Hyundai
01-01-70,Sonata,Child,Hyundai
01-01-70,"Sante Fe",Child,Hyundai
01-01-70,Matrix,Child,Hyundai
01-01-70,H1,Child,Hyundai
01-01-70,Grandeur,Child,Hyundai
01-01-70,Getz,Child,Hyundai
01-01-70,Genesis,Child,Hyundai
01-01-70,Galloper,Child,Hyundai
01-01-70,Excel,Child,Hyundai
01-01-70,Entourage,Child,Hyundai
01-01-70,Elantra,Child,Hyundai
01-01-70,Coupe,Child,Hyundai
01-01-70,Centennial,Child,Hyundai
01-01-70,Azera,Child,Hyundai
01-01-70,Avanti,Child,Hyundai
01-01-70,Atos,Child,Hyundai
01-01-70,Accent,Child,Hyundai
01-01-70,Hyundai,Parent,-
01-01-70,HX,Child,Hummer
01-01-70,H3T,Child,Hummer
01-01-70,H3,Child,Hummer
01-01-70,H2,Child,Hummer
01-01-70,H1,Child,Hummer
01-01-70,Hummer,Parent,-
01-01-70,Van,Child,Honda
01-01-70,S2000,Child,Honda
01-01-70,Prelude,Child,Honda
01-01-70,Pilot,Child,Honda
01-01-70,Pickup,Child,Honda
01-01-70,Odyssey,Child,Honda
01-01-70,MR-V,Child,Honda
01-01-70,Legend,Child,Honda
01-01-70,Jazz,Child,Honda
01-01-70,HR-V,Child,Honda
01-01-70,Fit,Child,Honda
01-01-70,Element,Child,Honda
01-01-70,Crosstour,Child,Honda
01-01-70,Civic,Child,Honda
01-01-70,City,Child,Honda
01-01-70,CR-V,Child,Honda
01-01-70,Accord,Child,Honda
01-01-70,Honda,Parent,-
01-01-70,"Grandtiger Pickup",Child,"Grand Tiger"
01-01-70,"Grand Tiger",Parent,-
01-01-70,"Emgrand X7",Child,Geely
01-01-70,"Emgrand 8",Child,Geely
01-01-70,"Emgrand 7",Child,Geely
01-01-70,Geely,Parent,-
01-01-70,Yukon,Child,GMC
01-01-70,Terrain,Child,GMC
01-01-70,Suburban,Child,GMC
01-01-70,Sierra,Child,GMC
01-01-70,Savana,Child,GMC
01-01-70,Pickup,Child,GMC
01-01-70,Jimmy,Child,GMC
01-01-70,Envoy,Child,GMC
01-01-70,Canyon,Child,GMC
01-01-70,Acadia,Child,GMC
01-01-70,GMC,Parent,-
01-01-70,"Troy 100/500",Child,"GAC Gonow"
01-01-70,"Mini Bus",Child,"GAC Gonow"
01-01-70,M1/M2,Child,"GAC Gonow"
01-01-70,"Chiller Pickup",Child,"GAC Gonow"
01-01-70,"GAC Gonow",Parent,-
01-01-70,View,Child,Foton
01-01-70,TUNLAND,Child,Foton
01-01-70,SUP,Child,Foton
01-01-70,Foton,Parent,-
01-01-70,"Grandtiger Pickup",Child,"Grand Tiger"
01-01-70,"Grand Tiger",Parent,-
01-01-70,"Emgrand X7",Child,Geely
01-01-70,"Emgrand 8",Child,Geely
01-01-70,"Emgrand 7",Child,Geely
01-01-70,Geely,Parent,-
01-01-70,Yukon,Child,GMC
01-01-70,Terrain,Child,GMC
01-01-70,Suburban,Child,GMC
01-01-70,Sierra,Child,GMC
01-01-70,Savana,Child,GMC
01-01-70,Pickup,Child,GMC
01-01-70,Jimmy,Child,GMC
01-01-70,Envoy,Child,GMC
01-01-70,Canyon,Child,GMC
01-01-70,Acadia,Child,GMC
01-01-70,GMC,Parent,-
01-01-70,"Troy 100/500",Child,"GAC Gonow"
01-01-70,"Mini Bus",Child,"GAC Gonow"
01-01-70,M1/M2,Child,"GAC Gonow"
01-01-70,"Chiller Pickup",Child,"GAC Gonow"
01-01-70,"GAC Gonow",Parent,-
01-01-70,View,Child,Foton
01-01-70,TUNLAND,Child,Foton
01-01-70,SUP,Child,Foton
01-01-70,Foton,Parent,-
01-01-70,Van,Child,Ford
01-01-70,Thunderbird,Child,Ford
01-01-70,Taurus,Child,Ford
01-01-70,Ranger,Child,Ford
01-01-70,Pickup,Child,Ford
01-01-70,Mustang,Child,Ford
01-01-70,Mondeo,Child,Ford
01-01-70,GT,Child,Ford
01-01-70,Fusion,Child,Ford
01-01-70,Focus,Child,Ford
01-01-70,Flex,Child,Ford
01-01-70,"Five Hundred",Child,Ford
01-01-70,Figo,Child,Ford
01-01-70,Fiesta,Child,Ford
01-01-70,"F-Series Pickup",Child,Ford
01-01-70,Explorer,Child,Ford
01-01-70,Expedition,Child,Ford
01-01-70,Excursion,Child,Ford
01-01-70,Escort,Child,Ford
01-01-70,Escape,Child,Ford
01-01-70,Edge,Child,Ford
01-01-70,Ecpsport,Child,Ford
01-01-70,"Crown Victoria",Child,Ford
01-01-70,Bronco,Child,Ford
01-01-70,Aerostar,Child,Ford
01-01-70,Ford,Parent,-
01-01-70,Traveller,Child,Force
01-01-70,Force,Parent,-
01-01-70,Karma,Child,Fisker
01-01-70,Fisker,Parent,-
01-01-70,Uno,Child,Fiat
01-01-70,Tempra,Child,Fiat
01-01-70,Sienna,Child,Fiat
01-01-70,Punto,Child,Fiat
01-01-70,Marea,Child,Fiat
01-01-70,Linea,Child,Fiat
01-01-70,Fiat-500,Child,Fiat
01-01-70,Brava,Child,Fiat
01-01-70,Barchetta,Child,Fiat
01-01-70,Fiat,Parent,-
01-01-70,"Super America",Child,Ferrari
01-01-70,Scaglietti,Child,Ferrari
01-01-70,LaFerrari,Child,Ferrari
01-01-70,"Ferrari Enzo",Child,Ferrari
01-01-70,"Ferrari 456",Child,Ferrari
01-01-70,FF,Child,Ferrari
01-01-70,F430,Child,Ferrari
01-01-70,F12,Child,Ferrari
01-01-70,California,Child,Ferrari
01-01-70,"599 GTB",Child,Ferrari
01-01-70,512,Child,Ferrari
01-01-70,488,Child,Ferrari
01-01-70,458,Child,Ferrari
01-01-70,360,Child,Ferrari
01-01-70,355,Child,Ferrari
01-01-70,Ferrari,Parent,-
01-01-70,"Bass 770",Child,Equus
01-01-70,Equus,Parent,-
01-01-70,Viper,Child,Dodge
01-01-70,Van,Child,Dodge
01-01-70,"Ram ",Child,Dodge
01-01-70,Pickup,Child,Dodge
01-01-70,Nitro,Child,Dodge
01-01-70,Neon,Child,Dodge
01-01-70,Magnum,Child,Dodge
01-01-70,Journey,Child,Dodge
01-01-70,Durango,Child,Dodge
01-01-70,Dart,Child,Dodge
01-01-70,Charger,Child,Dodge
01-01-70,Challenger,Child,Dodge
01-01-70,Caravan,Child,Dodge
01-01-70,Caliber,Child,Dodge
01-01-70,Avenger,Child,Dodge
01-01-70,Dodge,Parent,-
01-01-70,Deloreab,Parent,-
01-01-70,YRV,Child,Daihatsu
01-01-70,Terios,Child,Daihatsu
01-01-70,Sirion,Child,Daihatsu
01-01-70,Rocky,Child,Daihatsu
01-01-70,Materia,Child,Daihatsu
01-01-70,"Gran Max",Child,Daihatsu
01-01-70,Charade,Child,Daihatsu
01-01-70,Daihatsu,Parent,-
01-01-70,Nubira,Child,Daewoo
01-01-70,Musso,Child,Daewoo
01-01-70,Matiz,Child,Daewoo
01-01-70,Leganza,Child,Daewoo
01-01-70,Lanos,Child,Daewoo
01-01-70,Daewoo,Parent,-
01-01-70,"Xsara Picasso",Child,Citroen
01-01-70,Jumper,Child,Citroen
01-01-70,"DS 4",Child,Citroen
01-01-70,"DS 3",Child,Citroen
01-01-70,C5,Child,Citroen
01-01-70,C4,Child,Citroen
01-01-70,C3,Child,Citroen
01-01-70,C-Elysee,Child,Citroen
01-01-70,Berlingo,Child,Citroen
01-01-70,AX,Child,Citroen
01-01-70,Citroen,Parent,-
01-01-70,Voyager/Caravan,Child,Chrysler
01-01-70,Sebring,Child,Chrysler
01-01-70,Prowler,Child,Chrysler
01-01-70,Pacifica,Child,Chrysler
01-01-70,"PT Cruiser",Child,Chrysler
01-01-70,Neon,Child,Chrysler
01-01-70,Crossfire,Child,Chrysler
01-01-70,Concorde,Child,Chrysler
01-01-70,300M/300C,Child,Chrysler
01-01-70,"200/200C EV",Child,Chrysler
01-01-70,Chrysler,Parent,-
01-01-70,Uplander,Child,Chevrolet
01-01-70,Trax,Child,Chevrolet
01-01-70,Traverse,Child,Chevrolet
01-01-70,Trailblazer,Child,Chevrolet
01-01-70,Tahoe,Child,Chevrolet
01-01-70,Suburban,Child,Chevrolet
01-01-70,Spark,Child,Chevrolet
01-01-70,Sonic,Child,Chevrolet
01-01-70,Silverado,Child,Chevrolet
01-01-70,SSR,Child,Chevrolet
01-01-70,Pickup,Child,Chevrolet
01-01-70,Optra,Child,Chevrolet
01-01-70,Malibu,Child,Chevrolet
01-01-70,Lumina,Child,Chevrolet
01-01-70,Impala,Child,Chevrolet
01-01-70,Express,Child,Chevrolet
01-01-70,Explorer,Child,Chevrolet
01-01-70,Epica,Child,Chevrolet
01-01-70,Cruze,Child,Chevrolet
01-01-70,Corvette,Child,Chevrolet
01-01-70,Colorado,Child,Chevrolet
01-01-70,Cavalier,Child,Chevrolet
01-01-70,Captiva,Child,Chevrolet
01-01-70,Caprice,Child,Chevrolet
01-01-70,Camaro,Child,Chevrolet
01-01-70,CSV,Child,Chevrolet
01-01-70,Aveo,Child,Chevrolet
01-01-70,Avalanche,Child,Chevrolet
01-01-70,Astro,Child,Chevrolet
01-01-70,Chevrolet,Parent,-
01-01-70,"Tiggo 5",Child,Chery
01-01-70,"Tiggo 3",Child,Chery
01-01-70,"Arrizo 7",Child,Chery
01-01-70,Chery,Parent,-
01-01-70,Eado,Child,Changan
01-01-70,Cs75,Child,Changan
01-01-70,Cs35,Child,Changan
01-01-70,Changan,Parent,-
01-01-70,"Seven 420 ",Child,Caterham
01-01-70,"Seven 360",Child,Caterham
01-01-70,"Seven 270",Child,Caterham
01-01-70,"Seven 165",Child,Caterham
01-01-70,CSR,Child,Caterham
01-01-70,"620 R",Child,Caterham
01-01-70,Caterham,Parent,-
01-01-70,XTS,Child,Cadillac
01-01-70,XTR/Eldorado,Child,Cadillac
01-01-70,XLR,Child,Cadillac
01-01-70,STS/Serville,Child,Cadillac
01-01-70,SRX,Child,Cadillac
01-01-70,Fleetwood,Child,Cadillac
01-01-70,Escalade,Child,Cadillac
01-01-70,"DTS/De Ville",Child,Cadillac
01-01-70,CTS/Catera,Child,Cadillac
01-01-70,BLS,Child,Cadillac
01-01-70,ATS,Child,Cadillac
01-01-70,Cadillac,Parent,-
01-01-70,Z7,Child,CMC
01-01-70,Veryca,Child,CMC
01-01-70,CMC,Parent,-
01-01-70,Buick,Parent,-
01-01-70,"Veyron 16.4",Child,Bugatti
01-01-70,Veyron,Child,Bugatti
01-01-70,"Super Sport",Child,Bugatti
01-01-70,"Grand Sport Vitesse",Child,Bugatti
01-01-70,"Grand Sport",Child,Bugatti
01-01-70,Bugatti,Parent,-
01-01-70,Bufori,Parent,-
01-01-70,V5,Child,Brilliance
01-01-70,H530,Child,Brilliance
01-01-70,Brilliance,Parent,-
01-01-70,Bizzarrini,Parent,-
01-01-70,Mulsanne,Child,Bentley
01-01-70,"Continental GT",Child,Bentley
01-01-70,"Continental Flying Spur",Child,Bentley
01-01-70,Continental,Child,Bentley
01-01-70,Brooklands,Child,Bentley
01-01-70,Azure,Child,Bentley
01-01-70,Arnage,Child,Bentley
01-01-70,Bentley,Parent,-
01-01-70,i8,Child,BMW
01-01-70,Z8,Child,BMW
01-01-70,Z4,Child,BMW
01-01-70,Z3,Child,BMW
01-01-70,X6,Child,BMW
01-01-70,X5,Child,BMW
01-01-70,X4,Child,BMW
01-01-70,X3,Child,BMW
01-01-70,X2,Child,BMW
01-01-70,X1,Child,BMW
01-01-70,M6,Child,BMW
01-01-70,M5,Child,BMW
01-01-70,M4,Child,BMW
01-01-70,M3,Child,BMW
01-01-70,M2,Child,BMW
01-01-70,M-Roadster,Child,BMW
01-01-70,M-Coupe,Child,BMW
01-01-70,8-Series,Child,BMW
01-01-70,7-Series,Child,BMW
01-01-70,6-Series,Child,BMW
01-01-70,5-Series,Child,BMW
01-01-70,4-Series,Child,BMW
01-01-70,3-Series,Child,BMW
01-01-70,2-Series,Child,BMW
01-01-70,1-Series,Child,BMW
01-01-70,BMW,Parent,-
01-01-70,X424,Child,BAIC
01-01-70,MZ45,Child,BAIC
01-01-70,MZ40,Child,BAIC
01-01-70,A523,Child,BAIC
01-01-70,A115,Child,BAIC
01-01-70,A113,Child,BAIC
01-01-70,A1,Child,BAIC
01-01-70,BAIC,Parent,-
01-01-70,TT,Child,Audi
01-01-70,S8,Child,Audi
01-01-70,S7/RS7,Child,Audi
01-01-70,S6/RS6,Child,Audi
01-01-70,S5/RS5,Child,Audi
01-01-70,S4/RS4,Child,Audi
01-01-70,S3/RS3,Child,Audi
01-01-70,R8,Child,Audi
01-01-70,Q7,Child,Audi
01-01-70,Q5,Child,Audi
01-01-70,Q3,Child,Audi
01-01-70,A8,Child,Audi
01-01-70,A7,Child,Audi
01-01-70,A6,Child,Audi
01-01-70,A5,Child,Audi
01-01-70,A4,Child,Audi
01-01-70,A3,Child,Audi
01-01-70,A2,Child,Audi
01-01-70,A1,Child,Audi
01-01-70,Audi,Parent,-
01-01-70,Zagato,Child,"Aston Martin"
01-01-70,Vulcan,Child,"Aston Martin"
01-01-70,Virage,Child,"Aston Martin"
01-01-70,Vantage,Child,"Aston Martin"
01-01-70,Vanquish,Child,"Aston Martin"
01-01-70,Rapide,Child,"Aston Martin"
01-01-70,One-77,Child,"Aston Martin"
01-01-70,DBS,Child,"Aston Martin"
01-01-70,DB7/DB9,Child,"Aston Martin"
01-01-70,DB10,Child,"Aston Martin"
01-01-70,Cygnet,Child,"Alfa Romeo"
01-01-70,"Aston Martin",Parent,-
01-01-70,Spider,Child,"Alfa Romeo"
01-01-70,Mito,Child,"Alfa Romeo"
01-01-70,GTV/GT,Child,"Alfa Romeo"
01-01-70,GIULERTTA,Child,"Alfa Romeo"
01-01-70,Brera,Child,"Alfa Romeo"
01-01-70,4C,Child,"Alfa Romeo"
01-01-70,166,Child,"Alfa Romeo"
01-01-70,156/159,Child,"Alfa Romeo"
01-01-70,145/146/147,Child,"Alfa Romeo"
01-01-70,"Alfa Romeo",Parent,-
01-01-70,RSX/Integra,Child,Acura
01-01-70,RDX,Child,Acura
01-01-70,NSX,Child,Acura
01-01-70,MDX,Child,Acura
01-01-70,CSX/EL,Child,Acura
01-01-70,Acura,Parent,-
