Date,Name,Type,"Parent Name"
21-09-18,test,Child,Pagani
21-09-18,"Other Utility",Child,"Other Make"
21-09-18,"Other Pickup",Child,"Other Make"
21-09-18,"Other Minivan",Child,"Other Make"
21-09-18,"Other Car",Child,"Other Make"
21-09-18,"Other 4 x 4",Child,"Other Make"
21-09-18,"Other Vehicles",Child,"Other Make"
21-09-18,"Other Make",Parent,-
21-09-18,MF5,Child,Volvo
21-09-18,MF4,Child,Volvo
21-09-18,MF3,Child,Volvo
21-09-18,Wiesmann,Child,Volvo
21-09-18,XC90,Child,Volvo
21-09-18,XC70,Child,Volvo
21-09-18,XC60,Child,Volvo
21-09-18,V-Class,Child,Volvo
21-09-18,S-Class,Child,Volvo
21-09-18,C-Class,Child,Volvo
21-09-18,Volvo,Parent,-
21-09-18,Vento,Child,Volkswagen
21-09-18,Touareg,Child,Volkswagen
21-09-18,Tiguan,Child,Volkswagen
21-09-18,Sharan,Child,Volkswagen
21-09-18,Scirocco,Child,Volkswagen
21-09-18,Polo,Child,Volkswagen
21-09-18,Phaeton,Child,Volkswagen
21-09-18,Passat,Child,Volkswagen
21-09-18,Multivan,Child,Volkswagen
21-09-18,Jetta,Child,Volkswagen
21-09-18,"Golf R",Child,Volkswagen
21-09-18,Golf,Child,Volkswagen
21-09-18,GTI,Child,Volkswagen
21-09-18,Eurovan,Child,Volkswagen
21-09-18,EOS,Child,Volkswagen
21-09-18,Caddy,Child,Volkswagen
21-09-18,CCGT,Child,Volkswagen
21-09-18,Bora,Child,Volkswagen
21-09-18,Beetle,Child,Volkswagen
21-09-18,Amarok,Child,Volkswagen
21-09-18,Volkswagen,Parent,-
21-09-18,Zelas,Child,Toyota
21-09-18,Yaris,Child,Toyota
21-09-18,XA,Child,Toyota
21-09-18,Tundra,Child,Toyota
21-09-18,Tercel,Child,Toyota
21-09-18,Tacoma,Child,Toyota
21-09-18,Supra,Child,Toyota
21-09-18,Sienna,Child,Toyota
21-09-18,Sequoia,Child,Toyota
21-09-18,Scion,Child,Toyota
21-09-18,"RAV 4",Child,Toyota
21-09-18,Pirus,Child,Toyota
21-09-18,Previa,Child,Toyota
21-09-18,Prada,Child,Toyota
21-09-18,Pickup,Child,Toyota
21-09-18,"Land Crusier 76 Series",Child,Toyota
21-09-18,"Land Cursier",Child,Toyota
21-09-18,Innova,Child,Toyota
21-09-18,IQ,Child,Toyota
21-09-18,Hilux,Child,Toyota
21-09-18,Hilander,Child,Toyota
21-09-18,Hiace,Child,Toyota
21-09-18,Fortuner,Child,Toyota
21-09-18,"FJ Cruiser",Child,Toyota
21-09-18,Echo,Child,Toyota
21-09-18,Crown,Child,Toyota
21-09-18,Cressida,Child,Toyota
21-09-18,Corona,Child,Toyota
21-09-18,Corolla,Child,Toyota
21-09-18,Celica,Child,Toyota
21-09-18,Camry,Child,Toyota
21-09-18,Avensis,Child,Toyota
21-09-18,Avanza,Child,Toyota
21-09-18,Avalon,Child,Toyota
21-09-18,Aurion,Child,Toyota
21-09-18,86,Child,Toyota
21-09-18,"4 Runner",Child,Toyota
21-09-18,Toyota,Parent,-
21-09-18,"Tesla Roadster",Child,Tesla
21-09-18,"Model X",Child,Tesla
21-09-18,"Model S",Child,Tesla
21-09-18,"Model 3",Child,Tesla
21-09-18,Tesla,Parent,-
21-09-18,"Pickup Van",Child,TATA
21-09-18,"Pickup Truck",Child,TATA
21-09-18,"Delivery Truck",Child,TATA
21-09-18,TATA,Parent,-
21-09-18,XL7,Child,Suzuki
21-09-18,Vitara,Child,Suzuki
21-09-18,Swift,Child,Suzuki
21-09-18,SX4,Child,Suzuki
21-09-18,Kizashi,Child,Suzuki
21-09-18,Jimny,Child,Suzuki
21-09-18,"Grand Vitara",Child,Suzuki
21-09-18,Celerio,Child,Suzuki
21-09-18,Alto,Child,Suzuki
21-09-18,"APV Van",Child,Suzuki
21-09-18,Suzuki,Parent,-
21-09-18,XV,Child,Subaru
21-09-18,WRX,Child,Subaru
21-09-18,Tribeca,Child,Subaru
21-09-18,Outback,Child,Subaru
21-09-18,Legacy,Child,Subaru
21-09-18,Impreza,Child,Subaru
21-09-18,Forester,Child,Subaru
21-09-18,BRZ,Child,Subaru
21-09-18,Subaru,Parent,-
21-09-18,"Ssang Yong",Parent,-
21-09-18,Smart,Parent,-
21-09-18,Superb,Child,Skoda
21-09-18,Octavia,Child,Skoda
21-09-18,Fabia,Child,Skoda
21-09-18,Skoda,Parent,-
21-09-18,"SLK 6120",Child,"Shenlong / Sunlong"
21-09-18,"SLK 6112",Child,"Shenlong / Sunlong"
21-09-18,"Shenlong / Sunlong",Parent,-
21-09-18,Toledo,Child,Seat
21-09-18,Leon,Child,Seat
21-09-18,Ibiza,Child,Seat
21-09-18,Exeo,Child,Seat
21-09-18,Cordoba,Child,Seat
21-09-18,Altea,Child,Seat
21-09-18,Alhambra,Child,Seat
21-09-18,Seat,Parent,-
21-09-18,9000,Child,Saab
21-09-18,900,Child,Saab
21-09-18,9-7x,Child,Saab
21-09-18,9-5,Child,Saab
21-09-18,9-3,Child,Saab
21-09-18,9-2x,Child,Saab
21-09-18,Saab,Parent,-
21-09-18,75,Child,Rover
21-09-18,Rover,Parent,-
21-09-18,Wraith,Child,"Rolls Royce"
21-09-18,"Silver Spur",Child,"Rolls Royce"
21-09-18,Ghost,Child,"Rolls Royce"
21-09-18,Dawn,Child,"Rolls Royce"
21-09-18,"Rolls Royce",Parent,-
21-09-18,Twizy,Child,Renault
21-09-18,Twingo,Child,Renault
21-09-18,Trafic,Child,Renault
21-09-18,Symbol,Child,Renault
21-09-18,Scenic,Child,Renault
21-09-18,Sandero,Child,Renault
21-09-18,Safrane,Child,Renault
21-09-18,Megane,Child,Renault
21-09-18,Logan,Child,Renault
21-09-18,Laguna,Child,Renault
21-09-18,Koleos,Child,Renault
21-09-18,Fluence,Child,Renault
21-09-18,Duster,Child,Renault
21-09-18,Dokker,Child,Renault
21-09-18,Clio,Child,Renault
21-09-18,Captur,Child,Renault
21-09-18,Renault,Parent,-
21-09-18,Proton,Parent,-
21-09-18,Panamera,Child,Porsche
21-09-18,Macan,Child,Porsche
21-09-18,Cayman,Child,Porsche
21-09-18,Cayenne,Child,Porsche
21-09-18,"Carrera / 911",Child,Porsche
21-09-18,Boxter,Child,Porsche
21-09-18,968,Child,Porsche
21-09-18,944,Child,Porsche
21-09-18,"918 Spyder",Child,Porsche
21-09-18,Porsche,Parent,-
21-09-18,Pontiac,Parent,-
21-09-18,RCZ,Child,Peugeot
21-09-18,RC7,Child,Peugeot
21-09-18,Partner,Child,Peugeot
21-09-18,607,Child,Peugeot
21-09-18,508,Child,Peugeot
21-09-18,504/5,Child,Peugeot
21-09-18,5008,Child,Peugeot
21-09-18,408,Child,Peugeot
21-09-18,407,Child,Peugeot
21-09-18,308CC,Child,Peugeot
21-09-18,308,Child,Peugeot
21-09-18,307CC,Child,Peugeot
21-09-18,307,Child,Peugeot
21-09-18,301,Child,Peugeot
21-09-18,3008,Child,Peugeot
21-09-18,208,Child,Peugeot
21-09-18,207CC,Child,Peugeot
21-09-18,207,Child,Peugeot
21-09-18,206CC,Child,Peugeot
21-09-18,206,Child,Peugeot
21-09-18,2008,Child,Peugeot
21-09-18,Peugeot,Parent,-
21-09-18,Zonda,Child,Pagani
21-09-18,Huayra,Child,Pagani
21-09-18,Pagani,Parent,-
21-09-18,Spirra,Child,Oullim
21-09-18,Oullim,Parent,-
21-09-18,Zafira,Child,Opel
21-09-18,Vita,Child,Opel
21-09-18,Vectra,Child,Opel
21-09-18,Sginum,Child,Opel
21-09-18,Omega,Child,Opel
21-09-18,Mervia,Child,Opel
21-09-18,Kadett,Child,Opel
21-09-18,Insignia,Child,Opel
21-09-18,Corsa,Child,Opel
21-09-18,Astra,Child,Opel
21-09-18,Opel,Parent,-
21-09-18,Xterra,Child,Nissan
21-09-18,X-Trail,Child,Nissan
21-09-18,Van,Child,Nissan
21-09-18,Titan,Child,Nissan
21-09-18,Tida,Child,Nissan
21-09-18,Terrano,Child,Nissan
21-09-18,Sunny,Child,Nissan
21-09-18,Skyline,Child,Nissan
21-09-18,Silvia,Child,Nissan
21-09-18,Semtra,Child,Nissan
21-09-18,S130,Child,Nissan
21-09-18,Qashqai,Child,Nissan
21-09-18,Primera,Child,Nissan
21-09-18,Patrol,Child,Nissan
21-09-18,Pathfinder,Child,Nissan
21-09-18,Navara,Child,Nissan
21-09-18,Maxima,Child,Nissan
21-09-18,Juke,Child,Nissan
21-09-18,Gloria,Child,Nissan
21-09-18,GT-R,Child,Nissan
21-09-18,Armada,Child,Nissan
21-09-18,Altima,Child,Nissan
21-09-18,370Z,Child,Nissan
21-09-18,350Z,Child,Nissan
21-09-18,300ZX,Child,Nissan
21-09-18,Nissan,Parent,-
21-09-18,Roadster,Child,Morgan
21-09-18,"Plus 8",Child,Morgan
21-09-18,"Plus 4",Child,Morgan
21-09-18,"Aero Supersport",Child,Morgan
21-09-18,"Aero Coupe",Child,Morgan
21-09-18,"Aero 8",Child,Morgan
21-09-18,42464,Child,Morgan
21-09-18,"4 Seater",Child,Morgan
21-09-18,"3 Wheeler",Child,Morgan
21-09-18,Morgan,Parent,-
21-09-18,Van,Child,Mitsubishi
21-09-18,Pickup,Child,Mitsubishi
21-09-18,"Pajero Sport",Child,Mitsubishi
21-09-18,Pajero,Child,Mitsubishi
21-09-18,Outlander,Child,Mitsubishi
21-09-18,Nativa,Child,Mitsubishi
21-09-18,Montero,Child,Mitsubishi
21-09-18,Mirage,Child,Mitsubishi
21-09-18,Magna,Child,Mitsubishi
21-09-18,Lancer,Child,Mitsubishi
21-09-18,Grandis,Child,Mitsubishi
21-09-18,Galant,Child,Mitsubishi
21-09-18,Evolution,Child,Mitsubishi
21-09-18,Eclipse,Child,Mitsubishi
21-09-18,Diamonte,Child,Mitsubishi
21-09-18,Colt,Child,Mitsubishi
21-09-18,Attrage,Child,Mitsubishi
21-09-18,ASX,Child,Mitsubishi
21-09-18,3000GT,Child,Mitsubishi
21-09-18,Mitsubishi,Parent,-
21-09-18,Mountaineer,Child,Mercury
21-09-18,Montego,Child,Mercury
21-09-18,Milan,Child,Mercury
21-09-18,Mariner,Child,Mercury
21-09-18,"Grand Marquis",Child,Mercury
21-09-18,Mercury,Parent,-
21-09-18,Viano,Child,Mercedes-Benz
21-09-18,Sprinter,Child,Mercedes-Benz
21-09-18,SLS,Child,Mercedes-Benz
21-09-18,SLR,Child,Mercedes-Benz
21-09-18,SLK-Class,Child,Mercedes-Benz
21-09-18,SL-Class,Child,Mercedes-Benz
21-09-18,S-Class,Child,Mercedes-Benz
21-09-18,R-Class,Child,Mercedes-Benz
21-09-18,M-Class,Child,Mercedes-Benz
21-09-18,GT,Child,Mercedes-Benz
21-09-18,GLK-Class,Child,Mercedes-Benz
21-09-18,"GLE SUV",Child,Mercedes-Benz
21-09-18,"GLE Coupe",Child,Mercedes-Benz
21-09-18,GLA,Child,Mercedes-Benz
21-09-18,GL-Class,Child,Mercedes-Benz
21-09-18,G-Class,Child,Mercedes-Benz
21-09-18,E-Class,Child,Mercedes-Benz
21-09-18,CLS-Class,Child,Mercedes-Benz
21-09-18,CLK-Class,Child,Mercedes-Benz
21-09-18,CLA,Child,Mercedes-Benz
21-09-18,CL-Class,Child,Mercedes-Benz
21-09-18,C-Class,Child,Mercedes-Benz
21-09-18,B-Class,Child,Mercedes-Benz
21-09-18,AMG,Child,Mercedes-Benz
21-09-18,A-Class,Child,Mercedes-Benz
21-09-18,500/560,Child,Mercedes-Benz
21-09-18,400/420,Child,Mercedes-Benz
21-09-18,300/350/380,Child,Mercedes-Benz
21-09-18,240/260/280,Child,Mercedes-Benz
21-09-18,190,Child,Mercedes-Benz
21-09-18,Mercedes-Benz,Parent,-
21-09-18,SLR,Child,McLaren
21-09-18,P1,Child,McLaren
21-09-18,MP4-12C,Child,McLaren
21-09-18,F1,Child,McLaren
21-09-18,650S,Child,McLaren
21-09-18,McLaren,Parent,-
21-09-18,Tribute,Child,Mazda
21-09-18,RX-8,Child,Mazda
21-09-18,RX-7,Child,Mazda
21-09-18,Protégé,Child,Mazda
21-09-18,Pickup,Child,Mazda
21-09-18,Navajo,Child,Mazda
21-09-18,MX-5,Child,Mazda
21-09-18,MPV,Child,Mazda
21-09-18,CX-9,Child,Mazda
21-09-18,CX-7,Child,Mazda
21-09-18,CX-5,Child,Mazda
21-09-18,929,Child,Mazda
21-09-18,626,Child,Mazda
21-09-18,6,Child,Mazda
21-09-18,323,Child,Mazda
21-09-18,3,Child,Mazda
21-09-18,2,Child,Mazda
21-09-18,Mazda,Parent,-
21-09-18,S500,Child,Maybach
21-09-18,62,Child,Maybach
21-09-18,57,Child,Maybach
21-09-18,Maybach,Parent,-
21-09-18,Spyder,Child,Maserati
21-09-18,Quattroporte,Child,Maserati
21-09-18,"MC 12",Child,Maserati
21-09-18,"Gran Turismo",Child,Maserati
21-09-18,GranCabrio,Child,Maserati
21-09-18,Ghibli,Child,Maserati
21-09-18,Maserati,Parent,-
21-09-18,Roadster,Child,MINI
21-09-18,Paceman,Child,MINI
21-09-18,Coupe,Child,MINI
21-09-18,Countryman,Child,MINI
21-09-18,Cooper,Child,MINI
21-09-18,Clubman,Child,MINI
21-09-18,MINI,Parent,-
21-09-18,MG750,Child,MG
21-09-18,MG6,Child,MG
21-09-18,MG550,Child,MG
21-09-18,MG5,Child,MG
21-09-18,MG350,Child,MG
21-09-18,MG3,Child,MG
21-09-18,GS,Child,MG
21-09-18,MG,Parent,-
21-09-18,"U7 Turbo",Child,Luxgen
21-09-18,U6,Child,Luxgen
21-09-18,S5,Child,Luxgen
21-09-18,"7 SUV",Child,Luxgen
21-09-18,"7 MPV",Child,Luxgen
21-09-18,Luxgen,Parent,-
21-09-18,Exige,Child,Lotus
21-09-18,Evogra,Child,Lotus
21-09-18,Esprit,Child,Lotus
21-09-18,Elise,Child,Lotus
21-09-18,Elan,Child,Lotus
21-09-18,Lotus,Parent,-
21-09-18,"Town Car",Child,Lincoln
21-09-18,Navigator,Child,Lincoln
21-09-18,MKZ,Child,Lincoln
21-09-18,MKX,Child,Lincoln
21-09-18,MKT,Child,Lincoln
21-09-18,MKS,Child,Lincoln
21-09-18,MKC,Child,Lincoln
21-09-18,LS,Child,Lincoln
21-09-18,Continental,Child,Lincoln
21-09-18,Aviator,Child,Lincoln
21-09-18,Lincoln,Parent,-
21-09-18,SC-Series,Child,Lexus
21-09-18,RX-Series,Child,Lexus
21-09-18,"RC F",Child,Lexus
21-09-18,RC,Child,Lexus
21-09-18,"NX 200t",Child,Lexus
21-09-18,LX-Series,Child,Lexus
21-09-18,LS-Series,Child,Lexus
21-09-18,LFA,Child,Lexus
21-09-18,IS-Series,Child,Lexus
21-09-18,IS-F,Child,Lexus
21-09-18,IS-C,Child,Lexus
21-09-18,GX-Series,Child,Lexus
21-09-18,GS-Series,Child,Lexus
21-09-18,ES-Series,Child,Lexus
21-09-18,CT-Series,Child,Lexus
21-09-18,Lexus,Parent,-
21-09-18,"Range Rover Sport",Child,"Land Rover"
21-09-18,"Range Rover",Child,"Land Rover"
21-09-18,LR4,Child,"Land Rover"
21-09-18,LR3,Child,"Land Rover"
21-09-18,LR2,Child,"Land Rover"
21-09-18,"HSE V8",Child,"Land Rover"
21-09-18,Freelander,Child,"Land Rover"
21-09-18,Evoque,Child,"Land Rover"
21-09-18,Discovery,Child,"Land Rover"
21-09-18,"Defender ",Child,"Land Rover"
21-09-18,"Land Rover",Parent,-
21-09-18,FX-Series,Child,Lancia
21-09-18,Ypsilon,Child,Lancia
21-09-18,Thesis,Child,Lancia
21-09-18,Phedra,Child,Lancia
21-09-18,Musa,Child,Lancia
21-09-18,Delta,Child,Lancia
21-09-18,Lancia,Parent,-
21-09-18,Murcielago,Child,Lamborghini
21-09-18,Huracan,Child,Lamborghini
21-09-18,Gallardo,Child,Lamborghini
21-09-18,Diablo,Child,Lamborghini
21-09-18,Countach,Child,Lamborghini
21-09-18,Aventador,Child,Lamborghini
21-09-18,Lamborghini,Parent,-
21-09-18,Lada,Parent,-
21-09-18,Regera,Child,Koenigsegg
21-09-18,"ONE 1",Child,Koenigsegg
21-09-18,CCXR,Child,Koenigsegg
21-09-18,CCX,Child,Koenigsegg
21-09-18,CCR,Child,Koenigsegg
21-09-18,CCGT,Child,Koenigsegg
21-09-18,CC8S,Child,Koenigsegg
21-09-18,"CC Prototype",Child,Koenigsegg
21-09-18,Agera,Child,Koenigsegg
21-09-18,Koenigsegg,Parent,-
21-09-18,Sportage,Child,Kia
21-09-18,Spectra,Child,Kia
21-09-18,Soul,Child,Kia
21-09-18,Sorento,Child,Kia
21-09-18,Shuma,Child,Kia
21-09-18,Sephia,Child,Kia
21-09-18,Sedona,Child,Kia
21-09-18,Rio,Child,Kia
21-09-18,Quoris,Child,Kia
21-09-18,Picanto,Child,Kia
21-09-18,Oprius,Child,Kia
21-09-18,Mohave,Child,Kia
21-09-18,Koup,Child,Kia
21-09-18,Cerato,Child,Kia
21-09-18,Carnival,Child,Kia
21-09-18,Carens,Child,Kia
21-09-18,Cadenza,Child,Kia
21-09-18,Kia,Parent,-
21-09-18,"H2L Highroof",Child,Jinbei
21-09-18,DLX,Child,Jinbei
21-09-18,"Cargo Van",Child,Jinbei
21-09-18,Jinbei,Parent,-
21-09-18,"Wrangler Unlimited",Child,Jeep
21-09-18,Wrangler,Child,Jeep
21-09-18,Renegade,Child,Jeep
21-09-18,Patriot,Child,Jeep
21-09-18,Liberty,Child,Jeep
21-09-18,"Grand Cherokee",Child,Jeep
21-09-18,Compass,Child,Jeep
21-09-18,Commander,Child,Jeep
21-09-18,Commanche,Child,Jeep
21-09-18,Cherokee,Child,Jeep
21-09-18,Jeep,Parent,-
21-09-18,XKR,Child,Jaguar
21-09-18,XK8,Child,Jaguar
21-09-18,XK,Child,Jaguar
21-09-18,XJS,Child,Jaguar
21-09-18,XJR,Child,Jaguar
21-09-18,XJ8,Child,Jaguar
21-09-18,XJ6,Child,Jaguar
21-09-18,XJ12,Child,Jaguar
21-09-18,XJ-Series,Child,Jaguar
21-09-18,XF,Child,Jaguar
21-09-18,XE,Child,Jaguar
21-09-18,X-Type,Child,Jaguar
21-09-18,S-Type,Child,Jaguar
21-09-18,F-Type,Child,Jaguar
21-09-18,F-Pace,Child,Jaguar
21-09-18,E-Type,Child,Jaguar
21-09-18,Jaguar,Parent,-
21-09-18,NKR,Child,JMC
21-09-18,NHR,Child,JMC
21-09-18,JMC,Parent,-
21-09-18,"Tourist Bus",Child,JAC
21-09-18,HK6730,Child,JAC
21-09-18,"City Bus",Child,JAC
21-09-18,JAC,Parent,-
21-09-18,i-series,Child,Isuzu
21-09-18,Trooper,Child,Isuzu
21-09-18,Stylus,Child,Isuzu
21-09-18,Rodeo,Child,Isuzu
21-09-18,Oasis,Child,Isuzu
21-09-18,Impulse,Child,Isuzu
21-09-18,"I Mark",Child,Isuzu
21-09-18,Axiom,Child,Isuzu
21-09-18,Ascender,Child,Isuzu
21-09-18,Amingo,Child,Isuzu
21-09-18,Isuzu,Parent,-
21-09-18,QX80,Child,Infiniti
21-09-18,QX70,Child,Infiniti
21-09-18,QX60,Child,Infiniti
21-09-18,QX56,Child,Infiniti
21-09-18,QX50,Child,Infiniti
21-09-18,QX4,Child,Infiniti
21-09-18,Q70,Child,Infiniti
21-09-18,Q60,Child,Infiniti
21-09-18,Q50,Child,Infiniti
21-09-18,Q45,Child,Infiniti
21-09-18,M-Series,Child,Infiniti
21-09-18,JX-Series,Child,Infiniti
21-09-18,J30,Child,Infiniti
21-09-18,I35/I30,Child,Infiniti
21-09-18,G25,Child,Infiniti
21-09-18,G-Series,Child,Infiniti
21-09-18,FX50,Child,Infiniti
21-09-18,FX45/FX35,Child,Infiniti
21-09-18,EX35,Child,Infiniti
21-09-18,Infiniti,Parent,-
21-09-18,i40,Child,Hyundai
21-09-18,i30,Child,Hyundai
21-09-18,i20,Child,Hyundai
21-09-18,i10,Child,Hyundai
21-09-18,Verna,Child,Hyundai
21-09-18,Veracruz,Child,Hyundai
21-09-18,Veloster,Child,Hyundai
21-09-18,Tucson,Child,Hyundai
21-09-18,Trajet,Child,Hyundai
21-09-18,Tiburon,Child,Hyundai
21-09-18,Terracan,Child,Hyundai
21-09-18,Sonata,Child,Hyundai
21-09-18,"Sante Fe",Child,Hyundai
21-09-18,Matrix,Child,Hyundai
21-09-18,H1,Child,Hyundai
21-09-18,Grandeur,Child,Hyundai
21-09-18,Getz,Child,Hyundai
21-09-18,Genesis,Child,Hyundai
21-09-18,Galloper,Child,Hyundai
21-09-18,Excel,Child,Hyundai
21-09-18,Entourage,Child,Hyundai
21-09-18,Elantra,Child,Hyundai
21-09-18,Coupe,Child,Hyundai
21-09-18,Centennial,Child,Hyundai
21-09-18,Azera,Child,Hyundai
21-09-18,Avanti,Child,Hyundai
21-09-18,Atos,Child,Hyundai
21-09-18,Accent,Child,Hyundai
21-09-18,Hyundai,Parent,-
21-09-18,HX,Child,Hummer
21-09-18,H3T,Child,Hummer
21-09-18,H3,Child,Hummer
21-09-18,H2,Child,Hummer
21-09-18,H1,Child,Hummer
21-09-18,Hummer,Parent,-
21-09-18,Van,Child,Honda
21-09-18,S2000,Child,Honda
21-09-18,Prelude,Child,Honda
21-09-18,Pilot,Child,Honda
21-09-18,Pickup,Child,Honda
21-09-18,Odyssey,Child,Honda
21-09-18,MR-V,Child,Honda
21-09-18,Legend,Child,Honda
21-09-18,Jazz,Child,Honda
21-09-18,HR-V,Child,Honda
21-09-18,Fit,Child,Honda
21-09-18,Element,Child,Honda
21-09-18,Crosstour,Child,Honda
21-09-18,Civic,Child,Honda
21-09-18,City,Child,Honda
21-09-18,CR-V,Child,Honda
21-09-18,Accord,Child,Honda
21-09-18,Honda,Parent,-
21-09-18,"Grandtiger Pickup",Child,"Grand Tiger"
21-09-18,"Grand Tiger",Parent,-
21-09-18,"Emgrand X7",Child,Geely
21-09-18,"Emgrand 8",Child,Geely
21-09-18,"Emgrand 7",Child,Geely
21-09-18,Geely,Parent,-
21-09-18,Yukon,Child,GMC
21-09-18,Terrain,Child,GMC
21-09-18,Suburban,Child,GMC
21-09-18,Sierra,Child,GMC
21-09-18,Savana,Child,GMC
21-09-18,Pickup,Child,GMC
21-09-18,Jimmy,Child,GMC
21-09-18,Envoy,Child,GMC
21-09-18,Canyon,Child,GMC
21-09-18,Acadia,Child,GMC
21-09-18,GMC,Parent,-
21-09-18,"Troy 100/500",Child,"GAC Gonow"
21-09-18,"Mini Bus",Child,"GAC Gonow"
21-09-18,M1/M2,Child,"GAC Gonow"
21-09-18,"Chiller Pickup",Child,"GAC Gonow"
21-09-18,"GAC Gonow",Parent,-
21-09-18,View,Child,Foton
21-09-18,TUNLAND,Child,Foton
21-09-18,SUP,Child,Foton
21-09-18,Foton,Parent,-
21-09-18,"Grandtiger Pickup",Child,"Grand Tiger"
21-09-18,"Grand Tiger",Parent,-
21-09-18,"Emgrand X7",Child,Geely
21-09-18,"Emgrand 8",Child,Geely
21-09-18,"Emgrand 7",Child,Geely
21-09-18,Geely,Parent,-
21-09-18,Yukon,Child,GMC
21-09-18,Terrain,Child,GMC
21-09-18,Suburban,Child,GMC
21-09-18,Sierra,Child,GMC
21-09-18,Savana,Child,GMC
21-09-18,Pickup,Child,GMC
21-09-18,Jimmy,Child,GMC
21-09-18,Envoy,Child,GMC
21-09-18,Canyon,Child,GMC
21-09-18,Acadia,Child,GMC
21-09-18,GMC,Parent,-
21-09-18,"Troy 100/500",Child,"GAC Gonow"
21-09-18,"Mini Bus",Child,"GAC Gonow"
21-09-18,M1/M2,Child,"GAC Gonow"
21-09-18,"Chiller Pickup",Child,"GAC Gonow"
21-09-18,"GAC Gonow",Parent,-
21-09-18,View,Child,Foton
21-09-18,TUNLAND,Child,Foton
21-09-18,SUP,Child,Foton
21-09-18,Foton,Parent,-
21-09-18,Van,Child,Ford
21-09-18,Thunderbird,Child,Ford
21-09-18,Taurus,Child,Ford
21-09-18,Ranger,Child,Ford
21-09-18,Pickup,Child,Ford
21-09-18,Mustang,Child,Ford
21-09-18,Mondeo,Child,Ford
21-09-18,GT,Child,Ford
21-09-18,Fusion,Child,Ford
21-09-18,Focus,Child,Ford
21-09-18,Flex,Child,Ford
21-09-18,"Five Hundred",Child,Ford
21-09-18,Figo,Child,Ford
21-09-18,Fiesta,Child,Ford
21-09-18,"F-Series Pickup",Child,Ford
21-09-18,Explorer,Child,Ford
21-09-18,Expedition,Child,Ford
21-09-18,Excursion,Child,Ford
21-09-18,Escort,Child,Ford
21-09-18,Escape,Child,Ford
21-09-18,Edge,Child,Ford
21-09-18,Ecpsport,Child,Ford
21-09-18,"Crown Victoria",Child,Ford
21-09-18,Bronco,Child,Ford
21-09-18,Aerostar,Child,Ford
21-09-18,Ford,Parent,-
21-09-18,Traveller,Child,Force
21-09-18,Force,Parent,-
21-09-18,Karma,Child,Fisker
21-09-18,Fisker,Parent,-
21-09-18,Uno,Child,Fiat
21-09-18,Tempra,Child,Fiat
21-09-18,Sienna,Child,Fiat
21-09-18,Punto,Child,Fiat
21-09-18,Marea,Child,Fiat
21-09-18,Linea,Child,Fiat
21-09-18,Fiat-500,Child,Fiat
21-09-18,Brava,Child,Fiat
21-09-18,Barchetta,Child,Fiat
21-09-18,Fiat,Parent,-
21-09-18,"Super America",Child,Ferrari
21-09-18,Scaglietti,Child,Ferrari
21-09-18,LaFerrari,Child,Ferrari
21-09-18,"Ferrari Enzo",Child,Ferrari
21-09-18,"Ferrari 456",Child,Ferrari
21-09-18,FF,Child,Ferrari
21-09-18,F430,Child,Ferrari
21-09-18,F12,Child,Ferrari
21-09-18,California,Child,Ferrari
21-09-18,"599 GTB",Child,Ferrari
21-09-18,512,Child,Ferrari
21-09-18,488,Child,Ferrari
21-09-18,458,Child,Ferrari
21-09-18,360,Child,Ferrari
21-09-18,355,Child,Ferrari
21-09-18,Ferrari,Parent,-
21-09-18,"Bass 770",Child,Equus
21-09-18,Equus,Parent,-
21-09-18,Viper,Child,Dodge
21-09-18,Van,Child,Dodge
21-09-18,"Ram ",Child,Dodge
21-09-18,Pickup,Child,Dodge
21-09-18,Nitro,Child,Dodge
21-09-18,Neon,Child,Dodge
21-09-18,Magnum,Child,Dodge
21-09-18,Journey,Child,Dodge
21-09-18,Durango,Child,Dodge
21-09-18,Dart,Child,Dodge
21-09-18,Charger,Child,Dodge
21-09-18,Challenger,Child,Dodge
21-09-18,Caravan,Child,Dodge
21-09-18,Caliber,Child,Dodge
21-09-18,Avenger,Child,Dodge
21-09-18,Dodge,Parent,-
21-09-18,Deloreab,Parent,-
21-09-18,YRV,Child,Daihatsu
21-09-18,Terios,Child,Daihatsu
21-09-18,Sirion,Child,Daihatsu
21-09-18,Rocky,Child,Daihatsu
21-09-18,Materia,Child,Daihatsu
21-09-18,"Gran Max",Child,Daihatsu
21-09-18,Charade,Child,Daihatsu
21-09-18,Daihatsu,Parent,-
21-09-18,Nubira,Child,Daewoo
21-09-18,Musso,Child,Daewoo
21-09-18,Matiz,Child,Daewoo
21-09-18,Leganza,Child,Daewoo
21-09-18,Lanos,Child,Daewoo
21-09-18,Daewoo,Parent,-
21-09-18,"Xsara Picasso",Child,Citroen
21-09-18,Jumper,Child,Citroen
21-09-18,"DS 4",Child,Citroen
21-09-18,"DS 3",Child,Citroen
21-09-18,C5,Child,Citroen
21-09-18,C4,Child,Citroen
21-09-18,C3,Child,Citroen
21-09-18,C-Elysee,Child,Citroen
21-09-18,Berlingo,Child,Citroen
21-09-18,AX,Child,Citroen
21-09-18,Citroen,Parent,-
21-09-18,Voyager/Caravan,Child,Chrysler
21-09-18,Sebring,Child,Chrysler
21-09-18,Prowler,Child,Chrysler
21-09-18,Pacifica,Child,Chrysler
21-09-18,"PT Cruiser",Child,Chrysler
21-09-18,Neon,Child,Chrysler
21-09-18,Crossfire,Child,Chrysler
21-09-18,Concorde,Child,Chrysler
21-09-18,300M/300C,Child,Chrysler
21-09-18,"200/200C EV",Child,Chrysler
21-09-18,Chrysler,Parent,-
21-09-18,Uplander,Child,Chevrolet
21-09-18,Trax,Child,Chevrolet
21-09-18,Traverse,Child,Chevrolet
21-09-18,Trailblazer,Child,Chevrolet
21-09-18,Tahoe,Child,Chevrolet
21-09-18,Suburban,Child,Chevrolet
21-09-18,Spark,Child,Chevrolet
21-09-18,Sonic,Child,Chevrolet
21-09-18,Silverado,Child,Chevrolet
21-09-18,SSR,Child,Chevrolet
21-09-18,Pickup,Child,Chevrolet
21-09-18,Optra,Child,Chevrolet
21-09-18,Malibu,Child,Chevrolet
21-09-18,Lumina,Child,Chevrolet
21-09-18,Impala,Child,Chevrolet
21-09-18,Express,Child,Chevrolet
21-09-18,Explorer,Child,Chevrolet
21-09-18,Epica,Child,Chevrolet
21-09-18,Cruze,Child,Chevrolet
21-09-18,Corvette,Child,Chevrolet
21-09-18,Colorado,Child,Chevrolet
21-09-18,Cavalier,Child,Chevrolet
21-09-18,Captiva,Child,Chevrolet
21-09-18,Caprice,Child,Chevrolet
21-09-18,Camaro,Child,Chevrolet
21-09-18,CSV,Child,Chevrolet
21-09-18,Aveo,Child,Chevrolet
21-09-18,Avalanche,Child,Chevrolet
21-09-18,Astro,Child,Chevrolet
21-09-18,Chevrolet,Parent,-
21-09-18,"Tiggo 5",Child,Chery
21-09-18,"Tiggo 3",Child,Chery
21-09-18,"Arrizo 7",Child,Chery
21-09-18,Chery,Parent,-
21-09-18,Eado,Child,Changan
21-09-18,Cs75,Child,Changan
21-09-18,Cs35,Child,Changan
21-09-18,Changan,Parent,-
21-09-18,"Seven 420 ",Child,Caterham
21-09-18,"Seven 360",Child,Caterham
21-09-18,"Seven 270",Child,Caterham
21-09-18,"Seven 165",Child,Caterham
21-09-18,CSR,Child,Caterham
21-09-18,"620 R",Child,Caterham
21-09-18,Caterham,Parent,-
21-09-18,XTS,Child,Cadillac
21-09-18,XTR/Eldorado,Child,Cadillac
21-09-18,XLR,Child,Cadillac
21-09-18,STS/Serville,Child,Cadillac
21-09-18,SRX,Child,Cadillac
21-09-18,Fleetwood,Child,Cadillac
21-09-18,Escalade,Child,Cadillac
21-09-18,"DTS/De Ville",Child,Cadillac
21-09-18,CTS/Catera,Child,Cadillac
21-09-18,BLS,Child,Cadillac
21-09-18,ATS,Child,Cadillac
21-09-18,Cadillac,Parent,-
21-09-18,Z7,Child,CMC
21-09-18,Veryca,Child,CMC
21-09-18,CMC,Parent,-
21-09-18,Buick,Parent,-
21-09-18,"Veyron 16.4",Child,Bugatti
21-09-18,Veyron,Child,Bugatti
21-09-18,"Super Sport",Child,Bugatti
21-09-18,"Grand Sport Vitesse",Child,Bugatti
21-09-18,"Grand Sport",Child,Bugatti
21-09-18,Bugatti,Parent,-
21-09-18,Bufori,Parent,-
21-09-18,V5,Child,Brilliance
21-09-18,H530,Child,Brilliance
21-09-18,Brilliance,Parent,-
21-09-18,Bizzarrini,Parent,-
21-09-18,Mulsanne,Child,Bentley
21-09-18,"Continental GT",Child,Bentley
21-09-18,"Continental Flying Spur",Child,Bentley
21-09-18,Continental,Child,Bentley
21-09-18,Brooklands,Child,Bentley
21-09-18,Azure,Child,Bentley
21-09-18,Arnage,Child,Bentley
21-09-18,Bentley,Parent,-
21-09-18,i8,Child,BMW
21-09-18,Z8,Child,BMW
21-09-18,Z4,Child,BMW
21-09-18,Z3,Child,BMW
21-09-18,X6,Child,BMW
21-09-18,X5,Child,BMW
21-09-18,X4,Child,BMW
21-09-18,X3,Child,BMW
21-09-18,X2,Child,BMW
21-09-18,X1,Child,BMW
21-09-18,M6,Child,BMW
21-09-18,M5,Child,BMW
21-09-18,M4,Child,BMW
21-09-18,M3,Child,BMW
21-09-18,M2,Child,BMW
21-09-18,M-Roadster,Child,BMW
21-09-18,M-Coupe,Child,BMW
21-09-18,8-Series,Child,BMW
21-09-18,7-Series,Child,BMW
21-09-18,6-Series,Child,BMW
21-09-18,5-Series,Child,BMW
21-09-18,4-Series,Child,BMW
21-09-18,3-Series,Child,BMW
21-09-18,2-Series,Child,BMW
21-09-18,1-Series,Child,BMW
21-09-18,BMW,Parent,-
21-09-18,X424,Child,BAIC
21-09-18,MZ45,Child,BAIC
21-09-18,MZ40,Child,BAIC
21-09-18,A523,Child,BAIC
21-09-18,A115,Child,BAIC
21-09-18,A113,Child,BAIC
21-09-18,A1,Child,BAIC
21-09-18,BAIC,Parent,-
21-09-18,TT,Child,Audi
21-09-18,S8,Child,Audi
21-09-18,S7/RS7,Child,Audi
21-09-18,S6/RS6,Child,Audi
21-09-18,S5/RS5,Child,Audi
21-09-18,S4/RS4,Child,Audi
21-09-18,S3/RS3,Child,Audi
21-09-18,R8,Child,Audi
21-09-18,Q7,Child,Audi
21-09-18,Q5,Child,Audi
21-09-18,Q3,Child,Audi
21-09-18,A8,Child,Audi
21-09-18,A7,Child,Audi
21-09-18,A6,Child,Audi
21-09-18,A5,Child,Audi
21-09-18,A4,Child,Audi
21-09-18,A3,Child,Audi
21-09-18,A2,Child,Audi
21-09-18,A1,Child,Audi
21-09-18,Audi,Parent,-
21-09-18,Zagato,Child,"Aston Martin"
21-09-18,Vulcan,Child,"Aston Martin"
21-09-18,Virage,Child,"Aston Martin"
21-09-18,Vantage,Child,"Aston Martin"
21-09-18,Vanquish,Child,"Aston Martin"
21-09-18,Rapide,Child,"Aston Martin"
21-09-18,One-77,Child,"Aston Martin"
21-09-18,DBS,Child,"Aston Martin"
21-09-18,DB7/DB9,Child,"Aston Martin"
21-09-18,DB10,Child,"Aston Martin"
21-09-18,Cygnet,Child,"Alfa Romeo"
21-09-18,"Aston Martin",Parent,-
21-09-18,Spider,Child,"Alfa Romeo"
21-09-18,Mito,Child,"Alfa Romeo"
21-09-18,GTV/GT,Child,"Alfa Romeo"
21-09-18,GIULERTTA,Child,"Alfa Romeo"
21-09-18,Brera,Child,"Alfa Romeo"
21-09-18,4C,Child,"Alfa Romeo"
21-09-18,166,Child,"Alfa Romeo"
21-09-18,156/159,Child,"Alfa Romeo"
21-09-18,145/146/147,Child,"Alfa Romeo"
21-09-18,"Alfa Romeo",Parent,-
21-09-18,RSX/Integra,Child,Acura
21-09-18,RDX,Child,Acura
21-09-18,NSX,Child,Acura
21-09-18,MDX,Child,Acura
21-09-18,CSX/EL,Child,Acura
21-09-18,Acura,Parent,-
