Date,Name,Type,"Parent Name"
01-01-70,"Other Utility",Child,"Other Utility"
01-01-70,"Other Pickup",Child,"Other Pickup"
01-01-70,"Other Minivan",Child,"Other Minivan"
01-01-70,"Other Car",Child,"Other Car"
01-01-70,"Other 4 x 4",Child,"Other 4 x 4"
01-01-70,"Other Vehicles",Child,"Other Vehicles"
20-09-18,"Other Make",Parent,"Other Make"
01-01-70,MF5,Child,MF5
01-01-70,MF4,Child,MF4
01-01-70,MF3,Child,MF3
01-01-70,Wiesmann,Child,Wiesmann
01-01-70,XC90,Child,XC90
01-01-70,XC70,Child,XC70
01-01-70,XC60,Child,XC60
01-01-70,V-Class,Child,V-Class
01-01-70,S-Class,Child,S-Class
01-01-70,C-Class,Child,C-Class
01-01-70,Volvo,Parent,Volvo
01-01-70,Vento,Child,Vento
01-01-70,Touareg,Child,Touareg
01-01-70,Tiguan,Child,Tiguan
01-01-70,Sharan,Child,Sharan
01-01-70,Scirocco,Child,Scirocco
01-01-70,Polo,Child,Polo
01-01-70,Phaeton,Child,Phaeton
01-01-70,Passat,Child,Passat
01-01-70,Multivan,Child,Multivan
01-01-70,Jetta,Child,Jetta
01-01-70,"Golf R",Child,"Golf R"
01-01-70,Golf,Child,Golf
01-01-70,GTI,Child,GTI
01-01-70,Eurovan,Child,Eurovan
01-01-70,EOS,Child,EOS
01-01-70,Caddy,Child,Caddy
01-01-70,CCGT,Child,CCGT
01-01-70,Bora,Child,Bora
01-01-70,Beetle,Child,Beetle
01-01-70,Amarok,Child,Amarok
01-01-70,Volkswagen,Parent,Volkswagen
01-01-70,Zelas,Child,Zelas
01-01-70,Yaris,Child,Yaris
01-01-70,XA,Child,XA
01-01-70,Tundra,Child,Tundra
01-01-70,Tercel,Child,Tercel
01-01-70,Tacoma,Child,Tacoma
01-01-70,Supra,Child,Supra
01-01-70,Sienna,Child,Sienna
01-01-70,Sequoia,Child,Sequoia
01-01-70,Scion,Child,Scion
01-01-70,"RAV 4",Child,"RAV 4"
01-01-70,Pirus,Child,Pirus
01-01-70,Previa,Child,Previa
01-01-70,Prada,Child,Prada
01-01-70,Pickup,Child,Pickup
01-01-70,"Land Crusier 76 Series",Child,"Land Crusier 76 Series"
01-01-70,"Land Cursier",Child,"Land Cursier"
01-01-70,Innova,Child,Innova
01-01-70,IQ,Child,IQ
01-01-70,Hilux,Child,Hilux
01-01-70,Hilander,Child,Hilander
01-01-70,Hiace,Child,Hiace
01-01-70,Fortuner,Child,Fortuner
01-01-70,"FJ Cruiser",Child,"FJ Cruiser"
01-01-70,Echo,Child,Echo
01-01-70,Crown,Child,Crown
01-01-70,Cressida,Child,Cressida
01-01-70,Corona,Child,Corona
01-01-70,Corolla,Child,Corolla
01-01-70,Celica,Child,Celica
01-01-70,Camry,Child,Camry
01-01-70,Avensis,Child,Avensis
01-01-70,Avanza,Child,Avanza
01-01-70,Avalon,Child,Avalon
01-01-70,Aurion,Child,Aurion
01-01-70,86,Child,86
01-01-70,"4 Runner",Child,"4 Runner"
01-01-70,Toyota,Parent,Toyota
01-01-70,"Tesla Roadster",Child,"Tesla Roadster"
01-01-70,"Model X",Child,"Model X"
01-01-70,"Model S",Child,"Model S"
01-01-70,"Model 3",Child,"Model 3"
01-01-70,Tesla,Parent,Tesla
01-01-70,"Pickup Van",Child,"Pickup Van"
01-01-70,"Pickup Truck",Child,"Pickup Truck"
01-01-70,"Delivery Truck",Child,"Delivery Truck"
01-01-70,TATA,Parent,TATA
01-01-70,XL7,Child,XL7
01-01-70,Vitara,Child,Vitara
01-01-70,Swift,Child,Swift
01-01-70,SX4,Child,SX4
01-01-70,Kizashi,Child,Kizashi
01-01-70,Jimny,Child,Jimny
01-01-70,"Grand Vitara",Child,"Grand Vitara"
01-01-70,Celerio,Child,Celerio
01-01-70,Alto,Child,Alto
01-01-70,"APV Van",Child,"APV Van"
01-01-70,Suzuki,Parent,Suzuki
01-01-70,XV,Child,XV
01-01-70,WRX,Child,WRX
01-01-70,Tribeca,Child,Tribeca
01-01-70,Outback,Child,Outback
01-01-70,Legacy,Child,Legacy
01-01-70,Impreza,Child,Impreza
01-01-70,Forester,Child,Forester
01-01-70,BRZ,Child,BRZ
01-01-70,Subaru,Parent,Subaru
01-01-70,"Ssang Yong",Parent,"Ssang Yong"
01-01-70,Smart,Parent,Smart
01-01-70,Superb,Child,Superb
01-01-70,Octavia,Child,Octavia
01-01-70,Fabia,Child,Fabia
01-01-70,Skoda,Parent,Skoda
01-01-70,"SLK 6120",Child,"SLK 6120"
01-01-70,"SLK 6112",Child,"SLK 6112"
01-01-70,"Shenlong / Sunlong",Parent,"Shenlong / Sunlong"
01-01-70,Toledo,Child,Toledo
01-01-70,Leon,Child,Leon
01-01-70,Ibiza,Child,Ibiza
01-01-70,Exeo,Child,Exeo
01-01-70,Cordoba,Child,Cordoba
01-01-70,Altea,Child,Altea
01-01-70,Alhambra,Child,Alhambra
01-01-70,Seat,Parent,Seat
01-01-70,9000,Child,9000
01-01-70,900,Child,900
01-01-70,9-7x,Child,9-7x
01-01-70,9-5,Child,9-5
01-01-70,9-3,Child,9-3
01-01-70,9-2x,Child,9-2x
01-01-70,Saab,Parent,Saab
01-01-70,75,Child,75
01-01-70,Rover,Parent,Rover
01-01-70,Wraith,Child,Wraith
01-01-70,"Silver Spur",Child,"Silver Spur"
01-01-70,Ghost,Child,Ghost
01-01-70,Dawn,Child,Dawn
01-01-70,"Rolls Royce",Parent,"Rolls Royce"
01-01-70,Twizy,Child,Twizy
01-01-70,Twingo,Child,Twingo
01-01-70,Trafic,Child,Trafic
01-01-70,Symbol,Child,Symbol
01-01-70,Scenic,Child,Scenic
01-01-70,Sandero,Child,Sandero
01-01-70,Safrane,Child,Safrane
01-01-70,Megane,Child,Megane
01-01-70,Logan,Child,Logan
01-01-70,Laguna,Child,Laguna
01-01-70,Koleos,Child,Koleos
01-01-70,Fluence,Child,Fluence
01-01-70,Duster,Child,Duster
01-01-70,Dokker,Child,Dokker
01-01-70,Clio,Child,Clio
01-01-70,Captur,Child,Captur
01-01-70,Renault,Parent,Renault
01-01-70,Proton,Parent,Proton
01-01-70,Panamera,Child,Panamera
01-01-70,Macan,Child,Macan
01-01-70,Cayman,Child,Cayman
01-01-70,Cayenne,Child,Cayenne
01-01-70,"Carrera / 911",Child,"Carrera / 911"
01-01-70,Boxter,Child,Boxter
01-01-70,968,Child,968
01-01-70,944,Child,944
01-01-70,"918 Spyder",Child,"918 Spyder"
01-01-70,Porsche,Parent,Porsche
01-01-70,Pontiac,Parent,Pontiac
01-01-70,RCZ,Child,RCZ
01-01-70,RC7,Child,RC7
01-01-70,Partner,Child,Partner
01-01-70,607,Child,607
01-01-70,508,Child,508
01-01-70,504/5,Child,504/5
01-01-70,5008,Child,5008
01-01-70,408,Child,408
01-01-70,407,Child,407
01-01-70,308CC,Child,308CC
01-01-70,308,Child,308
01-01-70,307CC,Child,307CC
01-01-70,307,Child,307
01-01-70,301,Child,301
01-01-70,3008,Child,3008
01-01-70,208,Child,208
01-01-70,207CC,Child,207CC
01-01-70,207,Child,207
01-01-70,206CC,Child,206CC
01-01-70,206,Child,206
01-01-70,2008,Child,2008
01-01-70,Peugeot,Parent,Peugeot
01-01-70,Zonda,Child,Zonda
01-01-70,Huayra,Child,Huayra
01-01-70,Pagani,Parent,Pagani
01-01-70,Spirra,Child,Spirra
01-01-70,Oullim,Parent,Oullim
01-01-70,Zafira,Child,Zafira
01-01-70,Vita,Child,Vita
01-01-70,Vectra,Child,Vectra
01-01-70,Sginum,Child,Sginum
01-01-70,Omega,Child,Omega
01-01-70,Mervia,Child,Mervia
01-01-70,Kadett,Child,Kadett
01-01-70,Insignia,Child,Insignia
01-01-70,Corsa,Child,Corsa
01-01-70,Astra,Child,Astra
01-01-70,Opel,Parent,Opel
01-01-70,Xterra,Child,Xterra
01-01-70,X-Trail,Child,X-Trail
01-01-70,Van,Child,Van
01-01-70,Titan,Child,Titan
01-01-70,Tida,Child,Tida
01-01-70,Terrano,Child,Terrano
01-01-70,Sunny,Child,Sunny
01-01-70,Skyline,Child,Skyline
01-01-70,Silvia,Child,Silvia
01-01-70,Semtra,Child,Semtra
01-01-70,S130,Child,S130
01-01-70,Qashqai,Child,Qashqai
01-01-70,Primera,Child,Primera
01-01-70,Patrol,Child,Patrol
01-01-70,Pathfinder,Child,Pathfinder
01-01-70,Navara,Child,Navara
01-01-70,Maxima,Child,Maxima
01-01-70,Juke,Child,Juke
01-01-70,Gloria,Child,Gloria
01-01-70,GT-R,Child,GT-R
01-01-70,Armada,Child,Armada
01-01-70,Altima,Child,Altima
01-01-70,370Z,Child,370Z
01-01-70,350Z,Child,350Z
01-01-70,300ZX,Child,300ZX
01-01-70,Nissan,Parent,Nissan
01-01-70,Roadster,Child,Roadster
01-01-70,"Plus 8",Child,"Plus 8"
01-01-70,"Plus 4",Child,"Plus 4"
01-01-70,"Aero Supersport",Child,"Aero Supersport"
01-01-70,"Aero Coupe",Child,"Aero Coupe"
01-01-70,"Aero 8",Child,"Aero 8"
01-01-70,42464,Child,42464
01-01-70,"4 Seater",Child,"4 Seater"
01-01-70,"3 Wheeler",Child,"3 Wheeler"
01-01-70,Morgan,Parent,Morgan
01-01-70,Van,Child,Van
01-01-70,Pickup,Child,Pickup
01-01-70,"Pajero Sport",Child,"Pajero Sport"
01-01-70,Pajero,Child,Pajero
01-01-70,Outlander,Child,Outlander
01-01-70,Nativa,Child,Nativa
01-01-70,Montero,Child,Montero
01-01-70,Mirage,Child,Mirage
01-01-70,Magna,Child,Magna
01-01-70,Lancer,Child,Lancer
01-01-70,Grandis,Child,Grandis
01-01-70,Galant,Child,Galant
01-01-70,Evolution,Child,Evolution
01-01-70,Eclipse,Child,Eclipse
01-01-70,Diamonte,Child,Diamonte
01-01-70,Colt,Child,Colt
01-01-70,Attrage,Child,Attrage
01-01-70,ASX,Child,ASX
01-01-70,3000GT,Child,3000GT
01-01-70,Mitsubishi,Parent,Mitsubishi
01-01-70,Mountaineer,Child,Mountaineer
01-01-70,Montego,Child,Montego
01-01-70,Milan,Child,Milan
01-01-70,Mariner,Child,Mariner
01-01-70,"Grand Marquis",Child,"Grand Marquis"
01-01-70,Mercury,Parent,Mercury
01-01-70,Viano,Child,Viano
01-01-70,Sprinter,Child,Sprinter
01-01-70,SLS,Child,SLS
01-01-70,SLR,Child,SLR
01-01-70,SLK-Class,Child,SLK-Class
01-01-70,SL-Class,Child,SL-Class
01-01-70,S-Class,Child,S-Class
01-01-70,R-Class,Child,R-Class
01-01-70,M-Class,Child,M-Class
01-01-70,GT,Child,GT
01-01-70,GLK-Class,Child,GLK-Class
01-01-70,"GLE SUV",Child,"GLE SUV"
01-01-70,"GLE Coupe",Child,"GLE Coupe"
01-01-70,GLA,Child,GLA
01-01-70,GL-Class,Child,GL-Class
01-01-70,G-Class,Child,G-Class
01-01-70,E-Class,Child,E-Class
01-01-70,CLS-Class,Child,CLS-Class
01-01-70,CLK-Class,Child,CLK-Class
01-01-70,CLA,Child,CLA
01-01-70,CL-Class,Child,CL-Class
01-01-70,C-Class,Child,C-Class
01-01-70,B-Class,Child,B-Class
01-01-70,AMG,Child,AMG
01-01-70,A-Class,Child,A-Class
01-01-70,500/560,Child,500/560
01-01-70,400/420,Child,400/420
01-01-70,300/350/380,Child,300/350/380
01-01-70,240/260/280,Child,240/260/280
01-01-70,190,Child,190
01-01-70,Mercedes-Benz,Parent,Mercedes-Benz
01-01-70,SLR,Child,SLR
01-01-70,P1,Child,P1
01-01-70,MP4-12C,Child,MP4-12C
01-01-70,F1,Child,F1
01-01-70,650S,Child,650S
01-01-70,McLaren,Parent,McLaren
01-01-70,Tribute,Child,Tribute
01-01-70,RX-8,Child,RX-8
01-01-70,RX-7,Child,RX-7
01-01-70,Protégé,Child,Protégé
01-01-70,Pickup,Child,Pickup
01-01-70,Navajo,Child,Navajo
01-01-70,MX-5,Child,MX-5
01-01-70,MPV,Child,MPV
01-01-70,CX-9,Child,CX-9
01-01-70,CX-7,Child,CX-7
01-01-70,CX-5,Child,CX-5
01-01-70,929,Child,929
01-01-70,626,Child,626
01-01-70,6,Child,6
01-01-70,323,Child,323
01-01-70,3,Child,3
01-01-70,2,Child,2
01-01-70,Mazda,Parent,Mazda
01-01-70,S500,Child,S500
01-01-70,62,Child,62
01-01-70,57,Child,57
01-01-70,Maybach,Parent,Maybach
01-01-70,Spyder,Child,Spyder
01-01-70,Quattroporte,Child,Quattroporte
01-01-70,"MC 12",Child,"MC 12"
01-01-70,"Gran Turismo",Child,"Gran Turismo"
01-01-70,GranCabrio,Child,GranCabrio
01-01-70,Ghibli,Child,Ghibli
01-01-70,Maserati,Parent,Maserati
01-01-70,Roadster,Child,Roadster
01-01-70,Paceman,Child,Paceman
01-01-70,Coupe,Child,Coupe
01-01-70,Countryman,Child,Countryman
01-01-70,Cooper,Child,Cooper
01-01-70,Clubman,Child,Clubman
01-01-70,MINI,Parent,MINI
01-01-70,MG750,Child,MG750
01-01-70,MG6,Child,MG6
01-01-70,MG550,Child,MG550
01-01-70,MG5,Child,MG5
01-01-70,MG350,Child,MG350
01-01-70,MG3,Child,MG3
01-01-70,GS,Child,GS
01-01-70,MG,Parent,MG
01-01-70,"U7 Turbo",Child,"U7 Turbo"
01-01-70,U6,Child,U6
01-01-70,S5,Child,S5
01-01-70,"7 SUV",Child,"7 SUV"
01-01-70,"7 MPV",Child,"7 MPV"
01-01-70,Luxgen,Parent,Luxgen
01-01-70,Exige,Child,Exige
01-01-70,Evogra,Child,Evogra
01-01-70,Esprit,Child,Esprit
01-01-70,Elise,Child,Elise
01-01-70,Elan,Child,Elan
01-01-70,Lotus,Parent,Lotus
01-01-70,"Town Car",Child,"Town Car"
01-01-70,Navigator,Child,Navigator
01-01-70,MKZ,Child,MKZ
01-01-70,MKX,Child,MKX
01-01-70,MKT,Child,MKT
01-01-70,MKS,Child,MKS
01-01-70,MKC,Child,MKC
01-01-70,LS,Child,LS
01-01-70,Continental,Child,Continental
01-01-70,Aviator,Child,Aviator
01-01-70,Lincoln,Parent,Lincoln
01-01-70,SC-Series,Child,SC-Series
01-01-70,RX-Series,Child,RX-Series
01-01-70,"RC F",Child,"RC F"
01-01-70,RC,Child,RC
01-01-70,"NX 200t",Child,"NX 200t"
01-01-70,LX-Series,Child,LX-Series
01-01-70,LS-Series,Child,LS-Series
01-01-70,LFA,Child,LFA
01-01-70,IS-Series,Child,IS-Series
01-01-70,IS-F,Child,IS-F
01-01-70,IS-C,Child,IS-C
01-01-70,GX-Series,Child,GX-Series
01-01-70,GS-Series,Child,GS-Series
01-01-70,ES-Series,Child,ES-Series
01-01-70,CT-Series,Child,CT-Series
01-01-70,Lexus,Parent,Lexus
01-01-70,"Range Rover Sport",Child,"Range Rover Sport"
01-01-70,"Range Rover",Child,"Range Rover"
01-01-70,LR4,Child,LR4
01-01-70,LR3,Child,LR3
01-01-70,LR2,Child,LR2
01-01-70,"HSE V8",Child,"HSE V8"
01-01-70,Freelander,Child,Freelander
01-01-70,Evoque,Child,Evoque
01-01-70,Discovery,Child,Discovery
01-01-70,"Defender ",Child,"Defender "
01-01-70,"Land Rover",Parent,"Land Rover"
01-01-70,FX-Series,Child,FX-Series
01-01-70,Ypsilon,Child,Ypsilon
01-01-70,Thesis,Child,Thesis
01-01-70,Phedra,Child,Phedra
01-01-70,Musa,Child,Musa
01-01-70,Delta,Child,Delta
01-01-70,Lancia,Parent,Lancia
01-01-70,Murcielago,Child,Murcielago
01-01-70,Huracan,Child,Huracan
01-01-70,Gallardo,Child,Gallardo
01-01-70,Diablo,Child,Diablo
01-01-70,Countach,Child,Countach
01-01-70,Aventador,Child,Aventador
01-01-70,Lamborghini,Parent,Lamborghini
01-01-70,Lada,Parent,Lada
01-01-70,Regera,Child,Regera
01-01-70,"ONE 1",Child,"ONE 1"
01-01-70,CCXR,Child,CCXR
01-01-70,CCX,Child,CCX
01-01-70,CCR,Child,CCR
01-01-70,CCGT,Child,CCGT
01-01-70,CC8S,Child,CC8S
01-01-70,"CC Prototype",Child,"CC Prototype"
01-01-70,Agera,Child,Agera
01-01-70,Koenigsegg,Parent,Koenigsegg
01-01-70,Sportage,Child,Sportage
01-01-70,Spectra,Child,Spectra
01-01-70,Soul,Child,Soul
01-01-70,Sorento,Child,Sorento
01-01-70,Shuma,Child,Shuma
01-01-70,Sephia,Child,Sephia
01-01-70,Sedona,Child,Sedona
01-01-70,Rio,Child,Rio
01-01-70,Quoris,Child,Quoris
01-01-70,Picanto,Child,Picanto
01-01-70,Oprius,Child,Oprius
01-01-70,Mohave,Child,Mohave
01-01-70,Koup,Child,Koup
01-01-70,Cerato,Child,Cerato
01-01-70,Carnival,Child,Carnival
01-01-70,Carens,Child,Carens
01-01-70,Cadenza,Child,Cadenza
01-01-70,Kia,Parent,Kia
01-01-70,"H2L Highroof",Child,"H2L Highroof"
01-01-70,DLX,Child,DLX
01-01-70,"Cargo Van",Child,"Cargo Van"
01-01-70,Jinbei,Parent,Jinbei
01-01-70,"Wrangler Unlimited",Child,"Wrangler Unlimited"
01-01-70,Wrangler,Child,Wrangler
01-01-70,Renegade,Child,Renegade
01-01-70,Patriot,Child,Patriot
01-01-70,Liberty,Child,Liberty
01-01-70,"Grand Cherokee",Child,"Grand Cherokee"
01-01-70,Compass,Child,Compass
01-01-70,Commander,Child,Commander
01-01-70,Commanche,Child,Commanche
01-01-70,Cherokee,Child,Cherokee
01-01-70,Jeep,Parent,Jeep
01-01-70,XKR,Child,XKR
01-01-70,XK8,Child,XK8
01-01-70,XK,Child,XK
01-01-70,XJS,Child,XJS
01-01-70,XJR,Child,XJR
01-01-70,XJ8,Child,XJ8
01-01-70,XJ6,Child,XJ6
01-01-70,XJ12,Child,XJ12
01-01-70,XJ-Series,Child,XJ-Series
01-01-70,XF,Child,XF
01-01-70,XE,Child,XE
01-01-70,X-Type,Child,X-Type
01-01-70,S-Type,Child,S-Type
01-01-70,F-Type,Child,F-Type
01-01-70,F-Pace,Child,F-Pace
01-01-70,E-Type,Child,E-Type
01-01-70,Jaguar,Parent,Jaguar
01-01-70,NKR,Child,NKR
01-01-70,NHR,Child,NHR
01-01-70,JMC,Parent,JMC
01-01-70,"Tourist Bus",Child,"Tourist Bus"
01-01-70,HK6730,Child,HK6730
01-01-70,"City Bus",Child,"City Bus"
01-01-70,JAC,Parent,JAC
01-01-70,i-series,Child,i-series
01-01-70,Trooper,Child,Trooper
01-01-70,Stylus,Child,Stylus
01-01-70,Rodeo,Child,Rodeo
01-01-70,Oasis,Child,Oasis
01-01-70,Impulse,Child,Impulse
01-01-70,"I Mark",Child,"I Mark"
01-01-70,Axiom,Child,Axiom
01-01-70,Ascender,Child,Ascender
01-01-70,Amingo,Child,Amingo
01-01-70,Isuzu,Parent,Isuzu
01-01-70,QX80,Child,QX80
01-01-70,QX70,Child,QX70
01-01-70,QX60,Child,QX60
01-01-70,QX56,Child,QX56
01-01-70,QX50,Child,QX50
01-01-70,QX4,Child,QX4
01-01-70,Q70,Child,Q70
01-01-70,Q60,Child,Q60
01-01-70,Q50,Child,Q50
01-01-70,Q45,Child,Q45
01-01-70,M-Series,Child,M-Series
01-01-70,JX-Series,Child,JX-Series
01-01-70,J30,Child,J30
01-01-70,I35/I30,Child,I35/I30
01-01-70,G25,Child,G25
01-01-70,G-Series,Child,G-Series
01-01-70,FX50,Child,FX50
01-01-70,FX45/FX35,Child,FX45/FX35
01-01-70,EX35,Child,EX35
01-01-70,Infiniti,Parent,Infiniti
01-01-70,i40,Child,i40
01-01-70,i30,Child,i30
01-01-70,i20,Child,i20
01-01-70,i10,Child,i10
01-01-70,Verna,Child,Verna
01-01-70,Veracruz,Child,Veracruz
01-01-70,Veloster,Child,Veloster
01-01-70,Tucson,Child,Tucson
01-01-70,Trajet,Child,Trajet
01-01-70,Tiburon,Child,Tiburon
01-01-70,Terracan,Child,Terracan
01-01-70,Sonata,Child,Sonata
01-01-70,"Sante Fe",Child,"Sante Fe"
01-01-70,Matrix,Child,Matrix
01-01-70,H1,Child,H1
01-01-70,Grandeur,Child,Grandeur
01-01-70,Getz,Child,Getz
01-01-70,Genesis,Child,Genesis
01-01-70,Galloper,Child,Galloper
01-01-70,Excel,Child,Excel
01-01-70,Entourage,Child,Entourage
01-01-70,Elantra,Child,Elantra
01-01-70,Coupe,Child,Coupe
01-01-70,Centennial,Child,Centennial
01-01-70,Azera,Child,Azera
01-01-70,Avanti,Child,Avanti
01-01-70,Atos,Child,Atos
01-01-70,Accent,Child,Accent
01-01-70,Hyundai,Parent,Hyundai
01-01-70,HX,Child,HX
01-01-70,H3T,Child,H3T
01-01-70,H3,Child,H3
01-01-70,H2,Child,H2
01-01-70,H1,Child,H1
01-01-70,Hummer,Parent,Hummer
01-01-70,Van,Child,Van
01-01-70,S2000,Child,S2000
01-01-70,Prelude,Child,Prelude
01-01-70,Pilot,Child,Pilot
01-01-70,Pickup,Child,Pickup
01-01-70,Odyssey,Child,Odyssey
01-01-70,MR-V,Child,MR-V
01-01-70,Legend,Child,Legend
01-01-70,Jazz,Child,Jazz
01-01-70,HR-V,Child,HR-V
01-01-70,Fit,Child,Fit
01-01-70,Element,Child,Element
01-01-70,Crosstour,Child,Crosstour
01-01-70,Civic,Child,Civic
01-01-70,City,Child,City
01-01-70,CR-V,Child,CR-V
01-01-70,Accord,Child,Accord
01-01-70,Honda,Parent,Honda
01-01-70,"Grandtiger Pickup",Child,"Grandtiger Pickup"
01-01-70,"Grand Tiger",Parent,"Grand Tiger"
01-01-70,"Emgrand X7",Child,"Emgrand X7"
01-01-70,"Emgrand 8",Child,"Emgrand 8"
01-01-70,"Emgrand 7",Child,"Emgrand 7"
01-01-70,Geely,Parent,Geely
01-01-70,Yukon,Child,Yukon
01-01-70,Terrain,Child,Terrain
01-01-70,Suburban,Child,Suburban
01-01-70,Sierra,Child,Sierra
01-01-70,Savana,Child,Savana
01-01-70,Pickup,Child,Pickup
01-01-70,Jimmy,Child,Jimmy
01-01-70,Envoy,Child,Envoy
01-01-70,Canyon,Child,Canyon
01-01-70,Acadia,Child,Acadia
01-01-70,GMC,Parent,GMC
01-01-70,"Troy 100/500",Child,"Troy 100/500"
01-01-70,"Mini Bus",Child,"Mini Bus"
01-01-70,M1/M2,Child,M1/M2
01-01-70,"Chiller Pickup",Child,"Chiller Pickup"
01-01-70,"GAC Gonow",Parent,"GAC Gonow"
01-01-70,View,Child,View
01-01-70,TUNLAND,Child,TUNLAND
01-01-70,SUP,Child,SUP
01-01-70,Foton,Parent,Foton
01-01-70,"Grandtiger Pickup",Child,"Grandtiger Pickup"
01-01-70,"Grand Tiger",Parent,"Grand Tiger"
01-01-70,"Emgrand X7",Child,"Emgrand X7"
01-01-70,"Emgrand 8",Child,"Emgrand 8"
01-01-70,"Emgrand 7",Child,"Emgrand 7"
01-01-70,Geely,Parent,Geely
01-01-70,Yukon,Child,Yukon
01-01-70,Terrain,Child,Terrain
01-01-70,Suburban,Child,Suburban
01-01-70,Sierra,Child,Sierra
01-01-70,Savana,Child,Savana
01-01-70,Pickup,Child,Pickup
01-01-70,Jimmy,Child,Jimmy
01-01-70,Envoy,Child,Envoy
01-01-70,Canyon,Child,Canyon
01-01-70,Acadia,Child,Acadia
01-01-70,GMC,Parent,GMC
01-01-70,"Troy 100/500",Child,"Troy 100/500"
01-01-70,"Mini Bus",Child,"Mini Bus"
01-01-70,M1/M2,Child,M1/M2
01-01-70,"Chiller Pickup",Child,"Chiller Pickup"
01-01-70,"GAC Gonow",Parent,"GAC Gonow"
01-01-70,View,Child,View
01-01-70,TUNLAND,Child,TUNLAND
01-01-70,SUP,Child,SUP
01-01-70,Foton,Parent,Foton
01-01-70,Van,Child,Van
01-01-70,Thunderbird,Child,Thunderbird
01-01-70,Taurus,Child,Taurus
01-01-70,Ranger,Child,Ranger
01-01-70,Pickup,Child,Pickup
01-01-70,Mustang,Child,Mustang
01-01-70,Mondeo,Child,Mondeo
01-01-70,GT,Child,GT
01-01-70,Fusion,Child,Fusion
01-01-70,Focus,Child,Focus
01-01-70,Flex,Child,Flex
01-01-70,"Five Hundred",Child,"Five Hundred"
01-01-70,Figo,Child,Figo
01-01-70,Fiesta,Child,Fiesta
01-01-70,"F-Series Pickup",Child,"F-Series Pickup"
01-01-70,Explorer,Child,Explorer
01-01-70,Expedition,Child,Expedition
01-01-70,Excursion,Child,Excursion
01-01-70,Escort,Child,Escort
01-01-70,Escape,Child,Escape
01-01-70,Edge,Child,Edge
01-01-70,Ecpsport,Child,Ecpsport
01-01-70,"Crown Victoria",Child,"Crown Victoria"
01-01-70,Bronco,Child,Bronco
01-01-70,Aerostar,Child,Aerostar
01-01-70,Ford,Parent,Ford
01-01-70,Traveller,Child,Traveller
01-01-70,Force,Parent,Force
01-01-70,Karma,Child,Karma
01-01-70,Fisker,Parent,Fisker
01-01-70,Uno,Child,Uno
01-01-70,Tempra,Child,Tempra
01-01-70,Sienna,Child,Sienna
01-01-70,Punto,Child,Punto
01-01-70,Marea,Child,Marea
01-01-70,Linea,Child,Linea
01-01-70,Fiat-500,Child,Fiat-500
01-01-70,Brava,Child,Brava
01-01-70,Barchetta,Child,Barchetta
01-01-70,Fiat,Parent,Fiat
01-01-70,"Super America",Child,"Super America"
01-01-70,Scaglietti,Child,Scaglietti
01-01-70,LaFerrari,Child,LaFerrari
01-01-70,"Ferrari Enzo",Child,"Ferrari Enzo"
01-01-70,"Ferrari 456",Child,"Ferrari 456"
01-01-70,FF,Child,FF
01-01-70,F430,Child,F430
01-01-70,F12,Child,F12
01-01-70,California,Child,California
01-01-70,"599 GTB",Child,"599 GTB"
01-01-70,512,Child,512
01-01-70,488,Child,488
01-01-70,458,Child,458
01-01-70,360,Child,360
01-01-70,355,Child,355
01-01-70,Ferrari,Parent,Ferrari
01-01-70,"Bass 770",Child,"Bass 770"
01-01-70,Equus,Parent,Equus
01-01-70,Viper,Child,Viper
01-01-70,Van,Child,Van
01-01-70,"Ram ",Child,"Ram "
01-01-70,Pickup,Child,Pickup
01-01-70,Nitro,Child,Nitro
01-01-70,Neon,Child,Neon
01-01-70,Magnum,Child,Magnum
01-01-70,Journey,Child,Journey
01-01-70,Durango,Child,Durango
01-01-70,Dart,Child,Dart
01-01-70,Charger,Child,Charger
01-01-70,Challenger,Child,Challenger
01-01-70,Caravan,Child,Caravan
01-01-70,Caliber,Child,Caliber
01-01-70,Avenger,Child,Avenger
01-01-70,Dodge,Parent,Dodge
01-01-70,Deloreab,Parent,Deloreab
01-01-70,YRV,Child,YRV
01-01-70,Terios,Child,Terios
01-01-70,Sirion,Child,Sirion
01-01-70,Rocky,Child,Rocky
01-01-70,Materia,Child,Materia
01-01-70,"Gran Max",Child,"Gran Max"
01-01-70,Charade,Child,Charade
01-01-70,Daihatsu,Parent,Daihatsu
01-01-70,Nubira,Child,Nubira
01-01-70,Musso,Child,Musso
01-01-70,Matiz,Child,Matiz
01-01-70,Leganza,Child,Leganza
01-01-70,Lanos,Child,Lanos
01-01-70,Daewoo,Parent,Daewoo
01-01-70,"Xsara Picasso",Child,"Xsara Picasso"
01-01-70,Jumper,Child,Jumper
01-01-70,"DS 4",Child,"DS 4"
01-01-70,"DS 3",Child,"DS 3"
01-01-70,C5,Child,C5
01-01-70,C4,Child,C4
01-01-70,C3,Child,C3
01-01-70,C-Elysee,Child,C-Elysee
01-01-70,Berlingo,Child,Berlingo
01-01-70,AX,Child,AX
01-01-70,Citroen,Parent,Citroen
01-01-70,Voyager/Caravan,Child,Voyager/Caravan
01-01-70,Sebring,Child,Sebring
01-01-70,Prowler,Child,Prowler
01-01-70,Pacifica,Child,Pacifica
01-01-70,"PT Cruiser",Child,"PT Cruiser"
01-01-70,Neon,Child,Neon
01-01-70,Crossfire,Child,Crossfire
01-01-70,Concorde,Child,Concorde
01-01-70,300M/300C,Child,300M/300C
01-01-70,"200/200C EV",Child,"200/200C EV"
01-01-70,Chrysler,Parent,Chrysler
01-01-70,Uplander,Child,Uplander
01-01-70,Trax,Child,Trax
01-01-70,Traverse,Child,Traverse
01-01-70,Trailblazer,Child,Trailblazer
01-01-70,Tahoe,Child,Tahoe
01-01-70,Suburban,Child,Suburban
01-01-70,Spark,Child,Spark
01-01-70,Sonic,Child,Sonic
01-01-70,Silverado,Child,Silverado
01-01-70,SSR,Child,SSR
01-01-70,Pickup,Child,Pickup
01-01-70,Optra,Child,Optra
01-01-70,Malibu,Child,Malibu
01-01-70,Lumina,Child,Lumina
01-01-70,Impala,Child,Impala
01-01-70,Express,Child,Express
01-01-70,Explorer,Child,Explorer
01-01-70,Epica,Child,Epica
01-01-70,Cruze,Child,Cruze
01-01-70,Corvette,Child,Corvette
01-01-70,Colorado,Child,Colorado
01-01-70,Cavalier,Child,Cavalier
01-01-70,Captiva,Child,Captiva
01-01-70,Caprice,Child,Caprice
01-01-70,Camaro,Child,Camaro
01-01-70,CSV,Child,CSV
01-01-70,Aveo,Child,Aveo
01-01-70,Avalanche,Child,Avalanche
01-01-70,Astro,Child,Astro
01-01-70,Chevrolet,Parent,Chevrolet
01-01-70,"Tiggo 5",Child,"Tiggo 5"
01-01-70,"Tiggo 3",Child,"Tiggo 3"
01-01-70,"Arrizo 7",Child,"Arrizo 7"
01-01-70,Chery,Parent,Chery
01-01-70,Eado,Child,Eado
01-01-70,Cs75,Child,Cs75
01-01-70,Cs35,Child,Cs35
01-01-70,Changan,Parent,Changan
01-01-70,"Seven 420 ",Child,"Seven 420 "
01-01-70,"Seven 360",Child,"Seven 360"
01-01-70,"Seven 270",Child,"Seven 270"
01-01-70,"Seven 165",Child,"Seven 165"
01-01-70,CSR,Child,CSR
01-01-70,"620 R",Child,"620 R"
01-01-70,Caterham,Parent,Caterham
01-01-70,XTS,Child,XTS
01-01-70,XTR/Eldorado,Child,XTR/Eldorado
01-01-70,XLR,Child,XLR
01-01-70,STS/Serville,Child,STS/Serville
01-01-70,SRX,Child,SRX
01-01-70,Fleetwood,Child,Fleetwood
01-01-70,Escalade,Child,Escalade
01-01-70,"DTS/De Ville",Child,"DTS/De Ville"
01-01-70,CTS/Catera,Child,CTS/Catera
01-01-70,BLS,Child,BLS
01-01-70,ATS,Child,ATS
01-01-70,Cadillac,Parent,Cadillac
01-01-70,Z7,Child,Z7
01-01-70,Veryca,Child,Veryca
01-01-70,CMC,Parent,CMC
01-01-70,Buick,Parent,Buick
01-01-70,"Veyron 16.4",Child,"Veyron 16.4"
01-01-70,Veyron,Child,Veyron
01-01-70,"Super Sport",Child,"Super Sport"
01-01-70,"Grand Sport Vitesse",Child,"Grand Sport Vitesse"
01-01-70,"Grand Sport",Child,"Grand Sport"
01-01-70,Bugatti,Parent,Bugatti
01-01-70,Bufori,Parent,Bufori
01-01-70,V5,Child,V5
01-01-70,H530,Child,H530
01-01-70,Brilliance,Parent,Brilliance
01-01-70,Bizzarrini,Parent,Bizzarrini
01-01-70,Mulsanne,Child,Mulsanne
01-01-70,"Continental GT",Child,"Continental GT"
01-01-70,"Continental Flying Spur",Child,"Continental Flying Spur"
01-01-70,Continental,Child,Continental
01-01-70,Brooklands,Child,Brooklands
01-01-70,Azure,Child,Azure
01-01-70,Arnage,Child,Arnage
01-01-70,Bentley,Parent,Bentley
01-01-70,i8,Child,i8
01-01-70,Z8,Child,Z8
01-01-70,Z4,Child,Z4
01-01-70,Z3,Child,Z3
01-01-70,X6,Child,X6
01-01-70,X5,Child,X5
01-01-70,X4,Child,X4
01-01-70,X3,Child,X3
01-01-70,X2,Child,X2
01-01-70,X1,Child,X1
01-01-70,M6,Child,M6
01-01-70,M5,Child,M5
01-01-70,M4,Child,M4
01-01-70,M3,Child,M3
01-01-70,M2,Child,M2
01-01-70,M-Roadster,Child,M-Roadster
01-01-70,M-Coupe,Child,M-Coupe
01-01-70,8-Series,Child,8-Series
01-01-70,7-Series,Child,7-Series
01-01-70,6-Series,Child,6-Series
01-01-70,5-Series,Child,5-Series
01-01-70,4-Series,Child,4-Series
01-01-70,3-Series,Child,3-Series
01-01-70,2-Series,Child,2-Series
01-01-70,1-Series,Child,1-Series
01-01-70,BMW,Parent,BMW
01-01-70,X424,Child,X424
01-01-70,MZ45,Child,MZ45
01-01-70,MZ40,Child,MZ40
01-01-70,A523,Child,A523
01-01-70,A115,Child,A115
01-01-70,A113,Child,A113
01-01-70,A1,Child,A1
01-01-70,BAIC,Parent,BAIC
01-01-70,TT,Child,TT
01-01-70,S8,Child,S8
01-01-70,S7/RS7,Child,S7/RS7
01-01-70,S6/RS6,Child,S6/RS6
01-01-70,S5/RS5,Child,S5/RS5
01-01-70,S4/RS4,Child,S4/RS4
01-01-70,S3/RS3,Child,S3/RS3
01-01-70,R8,Child,R8
01-01-70,Q7,Child,Q7
01-01-70,Q5,Child,Q5
01-01-70,Q3,Child,Q3
01-01-70,A8,Child,A8
01-01-70,A7,Child,A7
01-01-70,A6,Child,A6
01-01-70,A5,Child,A5
01-01-70,A4,Child,A4
01-01-70,A3,Child,A3
01-01-70,A2,Child,A2
01-01-70,A1,Child,A1
01-01-70,Audi,Parent,Audi
01-01-70,Zagato,Child,Zagato
01-01-70,Vulcan,Child,Vulcan
01-01-70,Virage,Child,Virage
01-01-70,Vantage,Child,Vantage
01-01-70,Vanquish,Child,Vanquish
01-01-70,Rapide,Child,Rapide
01-01-70,One-77,Child,One-77
01-01-70,DBS,Child,DBS
01-01-70,DB7/DB9,Child,DB7/DB9
01-01-70,DB10,Child,DB10
01-01-70,Cygnet,Child,Cygnet
01-01-70,"Aston Martin",Parent,"Aston Martin"
01-01-70,Spider,Child,Spider
01-01-70,Mito,Child,Mito
01-01-70,GTV/GT,Child,GTV/GT
01-01-70,GIULERTTA,Child,GIULERTTA
01-01-70,Brera,Child,Brera
01-01-70,4C,Child,4C
01-01-70,166,Child,166
01-01-70,156/159,Child,156/159
01-01-70,145/146/147,Child,145/146/147
01-01-70,"Alfa Romeo",Parent,"Alfa Romeo"
01-01-70,RSX/Integra,Child,RSX/Integra
01-01-70,RDX,Child,RDX
01-01-70,NSX,Child,NSX
01-01-70,MDX,Child,MDX
01-01-70,CSX/EL,Child,CSX/EL
01-01-70,Acura,Parent,Acura
