Date,Name,"City Name"
24-09-18,test,Mumbai
24-09-18,test,Dubai
21-09-18,White,Fujairah
21-09-18,T,Fujairah
21-09-18,S,Fujairah
21-09-18,R,Fujairah
21-09-18,P,Fujairah
21-09-18,M,Fujairah
21-09-18,K,Fujairah
21-09-18,G,Fujairah
21-09-18,F,Fujairah
21-09-18,E,Fujairah
21-09-18,D,Fujairah
21-09-18,C,Fujairah
21-09-18,B,Fujairah
21-09-18,A,Fujairah
21-09-18,X,"Umm Al Quwain"
21-09-18,White,"Umm Al Quwain"
21-09-18,I,"Umm Al Quwain"
21-09-18,H,"Umm Al Quwain"
21-09-18,G,"Umm Al Quwain"
21-09-18,D,"Umm Al Quwain"
21-09-18,C,"Umm Al Quwain"
21-09-18,B,"Umm Al Quwain"
21-09-18,A,"Umm Al Quwain"
21-09-18,White,Sharjah
21-09-18,Orange,Sharjah
21-09-18,2,Sharjah
21-09-18,1,Sharjah
21-09-18,Y,"Ras Al Khaimah"
21-09-18,White,"Ras Al Khaimah"
21-09-18,V,"Ras Al Khaimah"
21-09-18,S,"Ras Al Khaimah"
21-09-18,Qala,"Ras Al Khaimah"
21-09-18,N,"Ras Al Khaimah"
21-09-18,M,"Ras Al Khaimah"
21-09-18,K,"Ras Al Khaimah"
21-09-18,I,"Ras Al Khaimah"
21-09-18,D,"Ras Al Khaimah"
21-09-18,C,"Ras Al Khaimah"
21-09-18,B,"Ras Al Khaimah"
21-09-18,A,"Ras Al Khaimah"
21-09-18,Z,Dubai
21-09-18,Y,Dubai
21-09-18,X,Dubai
21-09-18,"White 4",Dubai
21-09-18,"White 3",Dubai
21-09-18,"White 2",Dubai
21-09-18,"White 1",Dubai
21-09-18,White,Dubai
21-09-18,W,Dubai
21-09-18,V,Dubai
21-09-18,U,Dubai
21-09-18,T,Dubai
21-09-18,S,Dubai
21-09-18,R,Dubai
21-09-18,Q,Dubai
21-09-18,P,Dubai
21-09-18,Orange,Dubai
21-09-18,O,Dubai
21-09-18,N,Dubai
21-09-18,M,Dubai
21-09-18,L,Dubai
21-09-18,K,Dubai
21-09-18,J,Dubai
21-09-18,I,Dubai
21-09-18,H,Dubai
21-09-18,G,Dubai
21-09-18,F,Dubai
21-09-18,E,Dubai
21-09-18,D,Dubai
21-09-18,C,Dubai
21-09-18,"Burj Al Arab 4",Dubai
21-09-18,"Burj Al Arab 3",Dubai
21-09-18,"Burj Al Arab 2",Dubai
21-09-18,"Burj Al Arab 1",Dubai
21-09-18,"Burj Al Arab",Dubai
21-09-18,B,Dubai
21-09-18,A,Dubai
21-09-18,Red,"Abu Dhabi"
21-09-18,"Green 2","Abu Dhabi"
21-09-18,Green,"Abu Dhabi"
21-09-18,Gray,"Abu Dhabi"
21-09-18,Blue,"Abu Dhabi"
21-09-18,16,"Abu Dhabi"
21-09-18,15,"Abu Dhabi"
21-09-18,14,"Abu Dhabi"
21-09-18,13,"Abu Dhabi"
21-09-18,12,"Abu Dhabi"
21-09-18,11,"Abu Dhabi"
21-09-18,10,"Abu Dhabi"
21-09-18,9,"Abu Dhabi"
21-09-18,8,"Abu Dhabi"
21-09-18,7,"Abu Dhabi"
21-09-18,6,"Abu Dhabi"
21-09-18,5,"Abu Dhabi"
21-09-18,4,"Abu Dhabi"
21-09-18,E,Ajman
21-09-18,D,Ajman
21-09-18,C,Ajman
21-09-18,B,Ajman
21-09-18,A,Ajman
