Date,"User Name",Role,"Users Bank","Chasis No.","Plate Source Emirates","Plate Code","Plate No."
"15-10-2018 06:00 PM","kundan kumar","Bank Administrator Employee","Doha Bank",NA,NA,NA,"thi688jggj,"
"15-10-2018 06:00 PM","kundan kumar","Bank Administrator Employee","Doha Bank",Sharjah,2,085639,NA
"15-10-2018 04:32 PM","kundan kumar","Bank Administrator Employee","Doha Bank",Sharjah,Orange,258963,NA
"15-10-2018 04:31 PM","kundan kumar","Bank Administrator Employee","Doha Bank","Ras Al Khaimah",D,552589,NA
"15-10-2018 04:31 PM","kundan kumar","Bank Administrator Employee","Doha Bank",NA,NA,NA,yvuvyvyvyvyvyv
"15-10-2018 04:31 PM","kundan kumar","Bank Administrator Employee","Doha Bank",NA,NA,NA,"guvyvyvyvy "
"15-10-2018 04:30 PM","kundan kumar","Bank Administrator Employee","Doha Bank","Ras Al Khaimah",C,846532,NA
"15-10-2018 12:15 PM","kundan kumar","Bank Administrator Employee","Doha Bank",NA,NA,NA,111111111111
"15-10-2018 12:14 PM","kundan kumar","Bank Administrator Employee","Doha Bank","Ras Al Khaimah",D,111111,NA
